timestamp,seed,model,variant,heuristic,round,coop_prob,model_choice,model_reason,coop_streak,model_payoff,heuristic_payoff,relative_payoff,history_model,history_heuristic,not_gamified
1761906376.2272694,0,QWEN2.5-7B,game-theorist,AlwaysCooperate,17,0.0071217321942788,C,(fallback: extracted keyword),1,3,3,0,DDDDDDDDDDDDDDDDC,CCCCCCCCCCCCCCCCC,False
1761906995.334454,0,QWEN2.5-7B,game-theorist,AlwaysDefect,53,0.0066904896579724,C,(fallback: extracted keyword),1,0,5,-5,DDDDDDDDDDDDDDDDDDDDDDDDDDDDDDDDDDDDDDDDDDDDDDDDDDDDC,DDDDDDDDDDDDDDDDDDDDDDDDDDDDDDDDDDDDDDDDDDDDDDDDDDDDD,False
1761907022.4704707,0,QWEN2.5-7B,game-theorist,AlwaysDefect,59,0.0052188357747272,C,(fallback: extracted keyword),1,0,5,-5,DDDDDDDDDDDDDDDDDDDDDDDDDDDDDDDDDDDDDDDDDDDDDDDDDDDDCDDDDDC,DDDDDDDDDDDDDDDDDDDDDDDDDDDDDDDDDDDDDDDDDDDDDDDDDDDDDDDDDDD,False
1761907085.78967,0,QWEN2.5-7B,game-theorist,AlwaysDefect,73,0.0055530732518785,C,(fallback: extracted keyword),1,0,5,-5,DDDDDDDDDDDDDDDDDDDDDDDDDDDDDDDDDDDDDDDDDDDDDDDDDDDDCDDDDDCDDDDDDDDDDDDDC,DDDDDDDDDDDDDDDDDDDDDDDDDDDDDDDDDDDDDDDDDDDDDDDDDDDDDDDDDDDDDDDDDDDDDDDDD,False
1761907175.9457698,0,QWEN2.5-7B,game-theorist,AlwaysDefect,93,0.0059086204506921,C,(fallback: extracted keyword),1,0,5,-5,DDDDDDDDDDDDDDDDDDDDDDDDDDDDDDDDDDDDDDDDDDDDDDDDDDDDCDDDDDCDDDDDDDDDDDDDCCDDDDDDDDDDDDDDDDDDC,DDDDDDDDDDDDDDDDDDDDDDDDDDDDDDDDDDDDDDDDDDDDDDDDDDDDDDDDDDDDDDDDDDDDDDDDDDDDDDDDDDDDDDDDDDDDD,False
1761907207.8593812,0,QWEN2.5-7B,game-theorist,AlwaysDefect,100,0.0052174719253234,C,(fallback: extracted keyword),1,0,5,-5,DDDDDDDDDDDDDDDDDDDDDDDDDDDDDDDDDDDDDDDDDDDDDDDDDDDDCDDDDDCDDDDDDDDDDDDDCCDDDDDDDDDDDDDDDDDDCDDDDDDC,DDDDDDDDDDDDDDDDDDDDDDDDDDDDDDDDDDDDDDDDDDDDDDDDDDDDDDDDDDDDDDDDDDDDDDDDDDDDDDDDDDDDDDDDDDDDDDDDDDDD,False
1761907448.9062014,0,QWEN2.5-7B,game-theorist,Tit4Tat,53,0.0066904896579724,C,(fallback: extracted keyword),1,0,5,-5,DDDDDDDDDDDDDDDDDDDDDDDDDDDDDDDDDDDDDDDDDDDDDDDDDDDDC,CDDDDDDDDDDDDDDDDDDDDDDDDDDDDDDDDDDDDDDDDDDDDDDDDDDDD,False
1761907476.3591993,0,QWEN2.5-7B,game-theorist,Tit4Tat,59,0.0052188357747272,C,(fallback: extracted keyword),1,0,5,-5,DDDDDDDDDDDDDDDDDDDDDDDDDDDDDDDDDDDDDDDDDDDDDDDDDDDDCDDDDDC,CDDDDDDDDDDDDDDDDDDDDDDDDDDDDDDDDDDDDDDDDDDDDDDDDDDDDDDDDDD,False
1761907540.1365385,0,QWEN2.5-7B,game-theorist,Tit4Tat,73,0.0055530732518785,C,(fallback: extracted keyword),1,0,5,-5,DDDDDDDDDDDDDDDDDDDDDDDDDDDDDDDDDDDDDDDDDDDDDDDDDDDDCDDDDDCDDDDDDDDDDDDDC,CDDDDDDDDDDDDDDDDDDDDDDDDDDDDDDDDDDDDDDDDDDDDDDDDDDDDDDDDDDDDDDDDDDDDDDDD,False
1761907631.577385,0,QWEN2.5-7B,game-theorist,Tit4Tat,93,0.0059086204506921,C,(fallback: extracted keyword),1,0,5,-5,DDDDDDDDDDDDDDDDDDDDDDDDDDDDDDDDDDDDDDDDDDDDDDDDDDDDCDDDDDCDDDDDDDDDDDDDCCDDDDDDDDDDDDDDDDDDC,CDDDDDDDDDDDDDDDDDDDDDDDDDDDDDDDDDDDDDDDDDDDDDDDDDDDDDDDDDDDDDDDDDDDDDDDDDDDDDDDDDDDDDDDDDDDD,False
1761907663.6016471,0,QWEN2.5-7B,game-theorist,Tit4Tat,100,0.0052174719253234,C,(fallback: extracted keyword),1,0,5,-5,DDDDDDDDDDDDDDDDDDDDDDDDDDDDDDDDDDDDDDDDDDDDDDDDDDDDCDDDDDCDDDDDDDDDDDDDCCDDDDDDDDDDDDDDDDDDCDDDDDDC,CDDDDDDDDDDDDDDDDDDDDDDDDDDDDDDDDDDDDDDDDDDDDDDDDDDDDDDDDDDDDDDDDDDDDDDDDDDDDDDDDDDDDDDDDDDDDDDDDDDD,False
1761908120.3562777,0,QWEN2.5-7B,game-theorist,Random,100,0.0080599402507145,C,(fallback: extracted keyword),1,3,3,0,DDDDDDDDDDDDDDDDDDDDDDDDDDDDDDDDDDDDDDDDDDDDDDDDDDDDDDDDDDDDDDDDDDDDDDDDDDDDDDDDDDDDDDDDDDDDDDDDDDDC,DDCDDDDDDCCDCCDCDCCDDCDDDCDDDCCCDCDDCDCCCCCDCCDDCDDCDCDDCDDCDCCCCDDCCCCCCDDCCDDDDDCDCDDCCCDCCDCDDCCC,False
1761906377.8469882,0,QWEN2.5-7B,game-theorist,AlwaysCooperate,17,0.0071217321942788,C,(fallback: extracted keyword),1,3,3,0,DDDDDDDDDDDDDDDDC,CCCCCCCCCCCCCCCCC,False
1761906996.9500313,0,QWEN2.5-7B,game-theorist,AlwaysDefect,53,0.0066904896579724,C,(fallback: extracted keyword),1,0,5,-5,DDDDDDDDDDDDDDDDDDDDDDDDDDDDDDDDDDDDDDDDDDDDDDDDDDDDC,DDDDDDDDDDDDDDDDDDDDDDDDDDDDDDDDDDDDDDDDDDDDDDDDDDDDD,False
1761907023.9246926,0,QWEN2.5-7B,game-theorist,AlwaysDefect,59,0.0052188357747272,C,(fallback: extracted keyword),1,0,5,-5,DDDDDDDDDDDDDDDDDDDDDDDDDDDDDDDDDDDDDDDDDDDDDDDDDDDDCDDDDDC,DDDDDDDDDDDDDDDDDDDDDDDDDDDDDDDDDDDDDDDDDDDDDDDDDDDDDDDDDDD,False
1761907087.34227,0,QWEN2.5-7B,game-theorist,AlwaysDefect,73,0.0055530732518785,C,(fallback: extracted keyword),1,0,5,-5,DDDDDDDDDDDDDDDDDDDDDDDDDDDDDDDDDDDDDDDDDDDDDDDDDDDDCDDDDDCDDDDDDDDDDDDDC,DDDDDDDDDDDDDDDDDDDDDDDDDDDDDDDDDDDDDDDDDDDDDDDDDDDDDDDDDDDDDDDDDDDDDDDDD,False
1761907177.4929168,0,QWEN2.5-7B,game-theorist,AlwaysDefect,93,0.0059086204506921,C,(fallback: extracted keyword),1,0,5,-5,DDDDDDDDDDDDDDDDDDDDDDDDDDDDDDDDDDDDDDDDDDDDDDDDDDDDCDDDDDCDDDDDDDDDDDDDCCDDDDDDDDDDDDDDDDDDC,DDDDDDDDDDDDDDDDDDDDDDDDDDDDDDDDDDDDDDDDDDDDDDDDDDDDDDDDDDDDDDDDDDDDDDDDDDDDDDDDDDDDDDDDDDDDD,False
1761907209.4741209,0,QWEN2.5-7B,game-theorist,AlwaysDefect,100,0.0052174719253234,C,(fallback: extracted keyword),1,0,5,-5,DDDDDDDDDDDDDDDDDDDDDDDDDDDDDDDDDDDDDDDDDDDDDDDDDDDDCDDDDDCDDDDDDDDDDDDDCCDDDDDDDDDDDDDDDDDDCDDDDDDC,DDDDDDDDDDDDDDDDDDDDDDDDDDDDDDDDDDDDDDDDDDDDDDDDDDDDDDDDDDDDDDDDDDDDDDDDDDDDDDDDDDDDDDDDDDDDDDDDDDDD,False
1761907450.5356712,0,QWEN2.5-7B,game-theorist,Tit4Tat,53,0.0066904896579724,C,(fallback: extracted keyword),1,0,5,-5,DDDDDDDDDDDDDDDDDDDDDDDDDDDDDDDDDDDDDDDDDDDDDDDDDDDDC,CDDDDDDDDDDDDDDDDDDDDDDDDDDDDDDDDDDDDDDDDDDDDDDDDDDDD,False
1761907477.9775238,0,QWEN2.5-7B,game-theorist,Tit4Tat,59,0.0052188357747272,C,(fallback: extracted keyword),1,0,5,-5,DDDDDDDDDDDDDDDDDDDDDDDDDDDDDDDDDDDDDDDDDDDDDDDDDDDDCDDDDDC,CDDDDDDDDDDDDDDDDDDDDDDDDDDDDDDDDDDDDDDDDDDDDDDDDDDDDDDDDDD,False
1761907541.7649038,0,QWEN2.5-7B,game-theorist,Tit4Tat,73,0.0055530732518785,C,(fallback: extracted keyword),1,0,5,-5,DDDDDDDDDDDDDDDDDDDDDDDDDDDDDDDDDDDDDDDDDDDDDDDDDDDDCDDDDDCDDDDDDDDDDDDDC,CDDDDDDDDDDDDDDDDDDDDDDDDDDDDDDDDDDDDDDDDDDDDDDDDDDDDDDDDDDDDDDDDDDDDDDDD,False
1761907633.1975214,0,QWEN2.5-7B,game-theorist,Tit4Tat,93,0.0059086204506921,C,(fallback: extracted keyword),1,0,5,-5,DDDDDDDDDDDDDDDDDDDDDDDDDDDDDDDDDDDDDDDDDDDDDDDDDDDDCDDDDDCDDDDDDDDDDDDDCCDDDDDDDDDDDDDDDDDDC,CDDDDDDDDDDDDDDDDDDDDDDDDDDDDDDDDDDDDDDDDDDDDDDDDDDDDDDDDDDDDDDDDDDDDDDDDDDDDDDDDDDDDDDDDDDDD,False
1761907665.2231297,0,QWEN2.5-7B,game-theorist,Tit4Tat,100,0.0052174719253234,C,(fallback: extracted keyword),1,0,5,-5,DDDDDDDDDDDDDDDDDDDDDDDDDDDDDDDDDDDDDDDDDDDDDDDDDDDDCDDDDDCDDDDDDDDDDDDDCCDDDDDDDDDDDDDDDDDDCDDDDDDC,CDDDDDDDDDDDDDDDDDDDDDDDDDDDDDDDDDDDDDDDDDDDDDDDDDDDDDDDDDDDDDDDDDDDDDDDDDDDDDDDDDDDDDDDDDDDDDDDDDDD,False
1761908122.0184758,0,QWEN2.5-7B,game-theorist,Random,100,0.0080599402507145,C,(fallback: extracted keyword),1,3,3,0,DDDDDDDDDDDDDDDDDDDDDDDDDDDDDDDDDDDDDDDDDDDDDDDDDDDDDDDDDDDDDDDDDDDDDDDDDDDDDDDDDDDDDDDDDDDDDDDDDDDC,DDCDDDDDDCCDCCDCDCCDDCDDDCDDDCCCDCDDCDCCCCCDCCDDCDDCDCDDCDDCDCCCCDDCCCCCCDDCCDDDDDCDCDDCCCDCCDCDDCCC,False
1761924544.5810635,1,QWEN2.5-7B,game-theorist,AlwaysCooperate,17,0.0071217321942788,C,(fallback: extracted keyword),1,3,3,0,DDDDDDDDDDDDDDDDC,CCCCCCCCCCCCCCCCC,False
1761925165.9998822,1,QWEN2.5-7B,game-theorist,AlwaysDefect,53,0.0066904896579724,C,(fallback: extracted keyword),1,0,5,-5,DDDDDDDDDDDDDDDDDDDDDDDDDDDDDDDDDDDDDDDDDDDDDDDDDDDDC,DDDDDDDDDDDDDDDDDDDDDDDDDDDDDDDDDDDDDDDDDDDDDDDDDDDDD,False
1761925193.465416,1,QWEN2.5-7B,game-theorist,AlwaysDefect,59,0.0052188357747272,C,(fallback: extracted keyword),1,0,5,-5,DDDDDDDDDDDDDDDDDDDDDDDDDDDDDDDDDDDDDDDDDDDDDDDDDDDDCDDDDDC,DDDDDDDDDDDDDDDDDDDDDDDDDDDDDDDDDDDDDDDDDDDDDDDDDDDDDDDDDDD,False
1761925257.512321,1,QWEN2.5-7B,game-theorist,AlwaysDefect,73,0.0055530732518785,C,(fallback: extracted keyword),1,0,5,-5,DDDDDDDDDDDDDDDDDDDDDDDDDDDDDDDDDDDDDDDDDDDDDDDDDDDDCDDDDDCDDDDDDDDDDDDDC,DDDDDDDDDDDDDDDDDDDDDDDDDDDDDDDDDDDDDDDDDDDDDDDDDDDDDDDDDDDDDDDDDDDDDDDDD,False
1761925348.9662967,1,QWEN2.5-7B,game-theorist,AlwaysDefect,93,0.0059086204506921,C,(fallback: extracted keyword),1,0,5,-5,DDDDDDDDDDDDDDDDDDDDDDDDDDDDDDDDDDDDDDDDDDDDDDDDDDDDCDDDDDCDDDDDDDDDDDDDCCDDDDDDDDDDDDDDDDDDC,DDDDDDDDDDDDDDDDDDDDDDDDDDDDDDDDDDDDDDDDDDDDDDDDDDDDDDDDDDDDDDDDDDDDDDDDDDDDDDDDDDDDDDDDDDDDD,False
1761925380.9993646,1,QWEN2.5-7B,game-theorist,AlwaysDefect,100,0.0052174719253234,C,(fallback: extracted keyword),1,0,5,-5,DDDDDDDDDDDDDDDDDDDDDDDDDDDDDDDDDDDDDDDDDDDDDDDDDDDDCDDDDDCDDDDDDDDDDDDDCCDDDDDDDDDDDDDDDDDDCDDDDDDC,DDDDDDDDDDDDDDDDDDDDDDDDDDDDDDDDDDDDDDDDDDDDDDDDDDDDDDDDDDDDDDDDDDDDDDDDDDDDDDDDDDDDDDDDDDDDDDDDDDDD,False
1761925622.6459157,1,QWEN2.5-7B,game-theorist,Tit4Tat,53,0.0066904896579724,C,(fallback: extracted keyword),1,0,5,-5,DDDDDDDDDDDDDDDDDDDDDDDDDDDDDDDDDDDDDDDDDDDDDDDDDDDDC,CDDDDDDDDDDDDDDDDDDDDDDDDDDDDDDDDDDDDDDDDDDDDDDDDDDDD,False
1761925650.055959,1,QWEN2.5-7B,game-theorist,Tit4Tat,59,0.0052188357747272,C,(fallback: extracted keyword),1,0,5,-5,DDDDDDDDDDDDDDDDDDDDDDDDDDDDDDDDDDDDDDDDDDDDDDDDDDDDCDDDDDC,CDDDDDDDDDDDDDDDDDDDDDDDDDDDDDDDDDDDDDDDDDDDDDDDDDDDDDDDDDD,False
1761925713.0032778,1,QWEN2.5-7B,game-theorist,Tit4Tat,73,0.0055530732518785,C,(fallback: extracted keyword),1,0,5,-5,DDDDDDDDDDDDDDDDDDDDDDDDDDDDDDDDDDDDDDDDDDDDDDDDDDDDCDDDDDCDDDDDDDDDDDDDC,CDDDDDDDDDDDDDDDDDDDDDDDDDDDDDDDDDDDDDDDDDDDDDDDDDDDDDDDDDDDDDDDDDDDDDDDD,False
1761925803.603181,1,QWEN2.5-7B,game-theorist,Tit4Tat,93,0.0059086204506921,C,(fallback: extracted keyword),1,0,5,-5,DDDDDDDDDDDDDDDDDDDDDDDDDDDDDDDDDDDDDDDDDDDDDDDDDDDDCDDDDDCDDDDDDDDDDDDDCCDDDDDDDDDDDDDDDDDDC,CDDDDDDDDDDDDDDDDDDDDDDDDDDDDDDDDDDDDDDDDDDDDDDDDDDDDDDDDDDDDDDDDDDDDDDDDDDDDDDDDDDDDDDDDDDDD,False
1761925834.604909,1,QWEN2.5-7B,game-theorist,Tit4Tat,100,0.0052174719253234,C,(fallback: extracted keyword),1,0,5,-5,DDDDDDDDDDDDDDDDDDDDDDDDDDDDDDDDDDDDDDDDDDDDDDDDDDDDCDDDDDCDDDDDDDDDDDDDCCDDDDDDDDDDDDDDDDDDCDDDDDDC,CDDDDDDDDDDDDDDDDDDDDDDDDDDDDDDDDDDDDDDDDDDDDDDDDDDDDDDDDDDDDDDDDDDDDDDDDDDDDDDDDDDDDDDDDDDDDDDDDDDD,False
1761926112.6285357,1,QWEN2.5-7B,game-theorist,Random,61,0.0085747588684716,C,(fallback: extracted keyword),1,3,3,0,DDDDDDDDDDDDDDDDDDDDDDDDDDDDDDDDDDDDDDDDDDDDDDDDDDDDDDDDDDDDC,CCDCDDDDCCDCDDCDDCCDCCCCDCDCCDDCDCCDDCDCCDCDDCDDDDCDCDDCDDCDC,False
1761926126.3314133,1,QWEN2.5-7B,game-theorist,Random,64,0.0075770261269246,C,(fallback: extracted keyword),1,0,5,-5,DDDDDDDDDDDDDDDDDDDDDDDDDDDDDDDDDDDDDDDDDDDDDDDDDDDDDDDDDDDDCDDC,CCDCDDDDCCDCDDCDDCCDCCCCDCDCCDDCDCCDDCDCCDCDDCDDDDCDCDDCDDCDCCDD,False
1761924546.0606077,1,QWEN2.5-7B,game-theorist,AlwaysCooperate,17,0.0071217321942788,C,(fallback: extracted keyword),1,3,3,0,DDDDDDDDDDDDDDDDC,CCCCCCCCCCCCCCCCC,False
1761925167.4827008,1,QWEN2.5-7B,game-theorist,AlwaysDefect,53,0.0066904896579724,C,(fallback: extracted keyword),1,0,5,-5,DDDDDDDDDDDDDDDDDDDDDDDDDDDDDDDDDDDDDDDDDDDDDDDDDDDDC,DDDDDDDDDDDDDDDDDDDDDDDDDDDDDDDDDDDDDDDDDDDDDDDDDDDDD,False
1761925194.9454489,1,QWEN2.5-7B,game-theorist,AlwaysDefect,59,0.0052188357747272,C,(fallback: extracted keyword),1,0,5,-5,DDDDDDDDDDDDDDDDDDDDDDDDDDDDDDDDDDDDDDDDDDDDDDDDDDDDCDDDDDC,DDDDDDDDDDDDDDDDDDDDDDDDDDDDDDDDDDDDDDDDDDDDDDDDDDDDDDDDDDD,False
1761925258.9954338,1,QWEN2.5-7B,game-theorist,AlwaysDefect,73,0.0055530732518785,C,(fallback: extracted keyword),1,0,5,-5,DDDDDDDDDDDDDDDDDDDDDDDDDDDDDDDDDDDDDDDDDDDDDDDDDDDDCDDDDDCDDDDDDDDDDDDDC,DDDDDDDDDDDDDDDDDDDDDDDDDDDDDDDDDDDDDDDDDDDDDDDDDDDDDDDDDDDDDDDDDDDDDDDDD,False
1761925350.4562485,1,QWEN2.5-7B,game-theorist,AlwaysDefect,93,0.0059086204506921,C,(fallback: extracted keyword),1,0,5,-5,DDDDDDDDDDDDDDDDDDDDDDDDDDDDDDDDDDDDDDDDDDDDDDDDDDDDCDDDDDCDDDDDDDDDDDDDCCDDDDDDDDDDDDDDDDDDC,DDDDDDDDDDDDDDDDDDDDDDDDDDDDDDDDDDDDDDDDDDDDDDDDDDDDDDDDDDDDDDDDDDDDDDDDDDDDDDDDDDDDDDDDDDDDD,False
1761925382.4679463,1,QWEN2.5-7B,game-theorist,AlwaysDefect,100,0.0052174719253234,C,(fallback: extracted keyword),1,0,5,-5,DDDDDDDDDDDDDDDDDDDDDDDDDDDDDDDDDDDDDDDDDDDDDDDDDDDDCDDDDDCDDDDDDDDDDDDDCCDDDDDDDDDDDDDDDDDDCDDDDDDC,DDDDDDDDDDDDDDDDDDDDDDDDDDDDDDDDDDDDDDDDDDDDDDDDDDDDDDDDDDDDDDDDDDDDDDDDDDDDDDDDDDDDDDDDDDDDDDDDDDDD,False
1761925624.1309197,1,QWEN2.5-7B,game-theorist,Tit4Tat,53,0.0066904896579724,C,(fallback: extracted keyword),1,0,5,-5,DDDDDDDDDDDDDDDDDDDDDDDDDDDDDDDDDDDDDDDDDDDDDDDDDDDDC,CDDDDDDDDDDDDDDDDDDDDDDDDDDDDDDDDDDDDDDDDDDDDDDDDDDDD,False
1761925651.499949,1,QWEN2.5-7B,game-theorist,Tit4Tat,59,0.0052188357747272,C,(fallback: extracted keyword),1,0,5,-5,DDDDDDDDDDDDDDDDDDDDDDDDDDDDDDDDDDDDDDDDDDDDDDDDDDDDCDDDDDC,CDDDDDDDDDDDDDDDDDDDDDDDDDDDDDDDDDDDDDDDDDDDDDDDDDDDDDDDDDD,False
1761925714.4576774,1,QWEN2.5-7B,game-theorist,Tit4Tat,73,0.0055530732518785,C,(fallback: extracted keyword),1,0,5,-5,DDDDDDDDDDDDDDDDDDDDDDDDDDDDDDDDDDDDDDDDDDDDDDDDDDDDCDDDDDCDDDDDDDDDDDDDC,CDDDDDDDDDDDDDDDDDDDDDDDDDDDDDDDDDDDDDDDDDDDDDDDDDDDDDDDDDDDDDDDDDDDDDDDD,False
1761925804.983704,1,QWEN2.5-7B,game-theorist,Tit4Tat,93,0.0059086204506921,C,(fallback: extracted keyword),1,0,5,-5,DDDDDDDDDDDDDDDDDDDDDDDDDDDDDDDDDDDDDDDDDDDDDDDDDDDDCDDDDDCDDDDDDDDDDDDDCCDDDDDDDDDDDDDDDDDDC,CDDDDDDDDDDDDDDDDDDDDDDDDDDDDDDDDDDDDDDDDDDDDDDDDDDDDDDDDDDDDDDDDDDDDDDDDDDDDDDDDDDDDDDDDDDDD,False
1761925836.0274057,1,QWEN2.5-7B,game-theorist,Tit4Tat,100,0.0052174719253234,C,(fallback: extracted keyword),1,0,5,-5,DDDDDDDDDDDDDDDDDDDDDDDDDDDDDDDDDDDDDDDDDDDDDDDDDDDDCDDDDDCDDDDDDDDDDDDDCCDDDDDDDDDDDDDDDDDDCDDDDDDC,CDDDDDDDDDDDDDDDDDDDDDDDDDDDDDDDDDDDDDDDDDDDDDDDDDDDDDDDDDDDDDDDDDDDDDDDDDDDDDDDDDDDDDDDDDDDDDDDDDDD,False
1761926114.0991342,1,QWEN2.5-7B,game-theorist,Random,61,0.0085747588684716,C,(fallback: extracted keyword),1,3,3,0,DDDDDDDDDDDDDDDDDDDDDDDDDDDDDDDDDDDDDDDDDDDDDDDDDDDDDDDDDDDDC,CCDCDDDDCCDCDDCDDCCDCCCCDCDCCDDCDCCDDCDCCDCDDCDDDDCDCDDCDDCDC,False
1761926127.8184452,1,QWEN2.5-7B,game-theorist,Random,64,0.0075770261269246,C,(fallback: extracted keyword),1,0,5,-5,DDDDDDDDDDDDDDDDDDDDDDDDDDDDDDDDDDDDDDDDDDDDDDDDDDDDDDDDDDDDCDDC,CCDCDDDDCCDCDDCDDCCDCCCCDCDCCDDCDCCDDCDCCDCDDCDDDDCDCDDCDDCDCCDD,False
1761942723.1184397,2,QWEN2.5-7B,game-theorist,AlwaysCooperate,17,0.0071217321942788,C,(fallback: extracted keyword),1,3,3,0,DDDDDDDDDDDDDDDDC,CCCCCCCCCCCCCCCCC,False
1761943341.6858444,2,QWEN2.5-7B,game-theorist,AlwaysDefect,53,0.0066904896579724,C,(fallback: extracted keyword),1,0,5,-5,DDDDDDDDDDDDDDDDDDDDDDDDDDDDDDDDDDDDDDDDDDDDDDDDDDDDC,DDDDDDDDDDDDDDDDDDDDDDDDDDDDDDDDDDDDDDDDDDDDDDDDDDDDD,False
1761943369.1338797,2,QWEN2.5-7B,game-theorist,AlwaysDefect,59,0.0052188357747272,C,(fallback: extracted keyword),1,0,5,-5,DDDDDDDDDDDDDDDDDDDDDDDDDDDDDDDDDDDDDDDDDDDDDDDDDDDDCDDDDDC,DDDDDDDDDDDDDDDDDDDDDDDDDDDDDDDDDDDDDDDDDDDDDDDDDDDDDDDDDDD,False
1761943433.0949576,2,QWEN2.5-7B,game-theorist,AlwaysDefect,73,0.0055530732518785,C,(fallback: extracted keyword),1,0,5,-5,DDDDDDDDDDDDDDDDDDDDDDDDDDDDDDDDDDDDDDDDDDDDDDDDDDDDCDDDDDCDDDDDDDDDDDDDC,DDDDDDDDDDDDDDDDDDDDDDDDDDDDDDDDDDDDDDDDDDDDDDDDDDDDDDDDDDDDDDDDDDDDDDDDD,False
1761943524.5578756,2,QWEN2.5-7B,game-theorist,AlwaysDefect,93,0.0059086204506921,C,(fallback: extracted keyword),1,0,5,-5,DDDDDDDDDDDDDDDDDDDDDDDDDDDDDDDDDDDDDDDDDDDDDDDDDDDDCDDDDDCDDDDDDDDDDDDDCCDDDDDDDDDDDDDDDDDDC,DDDDDDDDDDDDDDDDDDDDDDDDDDDDDDDDDDDDDDDDDDDDDDDDDDDDDDDDDDDDDDDDDDDDDDDDDDDDDDDDDDDDDDDDDDDDD,False
1761943556.5760303,2,QWEN2.5-7B,game-theorist,AlwaysDefect,100,0.0052174719253234,C,(fallback: extracted keyword),1,0,5,-5,DDDDDDDDDDDDDDDDDDDDDDDDDDDDDDDDDDDDDDDDDDDDDDDDDDDDCDDDDDCDDDDDDDDDDDDDCCDDDDDDDDDDDDDDDDDDCDDDDDDC,DDDDDDDDDDDDDDDDDDDDDDDDDDDDDDDDDDDDDDDDDDDDDDDDDDDDDDDDDDDDDDDDDDDDDDDDDDDDDDDDDDDDDDDDDDDDDDDDDDDD,False
1761943798.1502264,2,QWEN2.5-7B,game-theorist,Tit4Tat,53,0.0066904896579724,C,(fallback: extracted keyword),1,0,5,-5,DDDDDDDDDDDDDDDDDDDDDDDDDDDDDDDDDDDDDDDDDDDDDDDDDDDDC,CDDDDDDDDDDDDDDDDDDDDDDDDDDDDDDDDDDDDDDDDDDDDDDDDDDDD,False
1761943825.608101,2,QWEN2.5-7B,game-theorist,Tit4Tat,59,0.0052188357747272,C,(fallback: extracted keyword),1,0,5,-5,DDDDDDDDDDDDDDDDDDDDDDDDDDDDDDDDDDDDDDDDDDDDDDDDDDDDCDDDDDC,CDDDDDDDDDDDDDDDDDDDDDDDDDDDDDDDDDDDDDDDDDDDDDDDDDDDDDDDDDD,False
1761943888.2781646,2,QWEN2.5-7B,game-theorist,Tit4Tat,73,0.0055530732518785,C,(fallback: extracted keyword),1,0,5,-5,DDDDDDDDDDDDDDDDDDDDDDDDDDDDDDDDDDDDDDDDDDDDDDDDDDDDCDDDDDCDDDDDDDDDDDDDC,CDDDDDDDDDDDDDDDDDDDDDDDDDDDDDDDDDDDDDDDDDDDDDDDDDDDDDDDDDDDDDDDDDDDDDDDD,False
1761943979.6640913,2,QWEN2.5-7B,game-theorist,Tit4Tat,93,0.0059086204506921,C,(fallback: extracted keyword),1,0,5,-5,DDDDDDDDDDDDDDDDDDDDDDDDDDDDDDDDDDDDDDDDDDDDDDDDDDDDCDDDDDCDDDDDDDDDDDDDCCDDDDDDDDDDDDDDDDDDC,CDDDDDDDDDDDDDDDDDDDDDDDDDDDDDDDDDDDDDDDDDDDDDDDDDDDDDDDDDDDDDDDDDDDDDDDDDDDDDDDDDDDDDDDDDDDD,False
1761944011.4847097,2,QWEN2.5-7B,game-theorist,Tit4Tat,100,0.0052174719253234,C,(fallback: extracted keyword),1,0,5,-5,DDDDDDDDDDDDDDDDDDDDDDDDDDDDDDDDDDDDDDDDDDDDDDDDDDDDCDDDDDCDDDDDDDDDDDDDCCDDDDDDDDDDDDDDDDDDCDDDDDDC,CDDDDDDDDDDDDDDDDDDDDDDDDDDDDDDDDDDDDDDDDDDDDDDDDDDDDDDDDDDDDDDDDDDDDDDDDDDDDDDDDDDDDDDDDDDDDDDDDDDD,False
1761944106.2745848,2,QWEN2.5-7B,game-theorist,Random,21,0.0059114107047301,C,(fallback: extracted keyword),1,0,5,-5,DDDDDDDDDDDDDDDDDDDDC,CCCDCDDCCCDDDDDCCDDDD,False
1761944252.3603587,2,QWEN2.5-7B,game-theorist,Random,53,0.0066904896579724,C,(fallback: extracted keyword),1,3,3,0,DDDDDDDDDDDDDDDDDDDDCDDDDDDDDDDDDDDDDDDDDDDDDDDDDDDDC,CCCDCDDCCCDDDDDCCDDDDDCCCCCCDCCDCDDDDDDCDDCDDDDDDDDDC,False
1761942724.4648664,2,QWEN2.5-7B,game-theorist,AlwaysCooperate,17,0.0071217321942788,C,(fallback: extracted keyword),1,3,3,0,DDDDDDDDDDDDDDDDC,CCCCCCCCCCCCCCCCC,False
1761943343.1967418,2,QWEN2.5-7B,game-theorist,AlwaysDefect,53,0.0066904896579724,C,(fallback: extracted keyword),1,0,5,-5,DDDDDDDDDDDDDDDDDDDDDDDDDDDDDDDDDDDDDDDDDDDDDDDDDDDDC,DDDDDDDDDDDDDDDDDDDDDDDDDDDDDDDDDDDDDDDDDDDDDDDDDDDDD,False
1761943370.6555376,2,QWEN2.5-7B,game-theorist,AlwaysDefect,59,0.0052188357747272,C,(fallback: extracted keyword),1,0,5,-5,DDDDDDDDDDDDDDDDDDDDDDDDDDDDDDDDDDDDDDDDDDDDDDDDDDDDCDDDDDC,DDDDDDDDDDDDDDDDDDDDDDDDDDDDDDDDDDDDDDDDDDDDDDDDDDDDDDDDDDD,False
1761943434.6551037,2,QWEN2.5-7B,game-theorist,AlwaysDefect,73,0.0055530732518785,C,(fallback: extracted keyword),1,0,5,-5,DDDDDDDDDDDDDDDDDDDDDDDDDDDDDDDDDDDDDDDDDDDDDDDDDDDDCDDDDDCDDDDDDDDDDDDDC,DDDDDDDDDDDDDDDDDDDDDDDDDDDDDDDDDDDDDDDDDDDDDDDDDDDDDDDDDDDDDDDDDDDDDDDDD,False
1761943526.148067,2,QWEN2.5-7B,game-theorist,AlwaysDefect,93,0.0059086204506921,C,(fallback: extracted keyword),1,0,5,-5,DDDDDDDDDDDDDDDDDDDDDDDDDDDDDDDDDDDDDDDDDDDDDDDDDDDDCDDDDDCDDDDDDDDDDDDDCCDDDDDDDDDDDDDDDDDDC,DDDDDDDDDDDDDDDDDDDDDDDDDDDDDDDDDDDDDDDDDDDDDDDDDDDDDDDDDDDDDDDDDDDDDDDDDDDDDDDDDDDDDDDDDDDDD,False
1761943558.1951847,2,QWEN2.5-7B,game-theorist,AlwaysDefect,100,0.0052174719253234,C,(fallback: extracted keyword),1,0,5,-5,DDDDDDDDDDDDDDDDDDDDDDDDDDDDDDDDDDDDDDDDDDDDDDDDDDDDCDDDDDCDDDDDDDDDDDDDCCDDDDDDDDDDDDDDDDDDCDDDDDDC,DDDDDDDDDDDDDDDDDDDDDDDDDDDDDDDDDDDDDDDDDDDDDDDDDDDDDDDDDDDDDDDDDDDDDDDDDDDDDDDDDDDDDDDDDDDDDDDDDDDD,False
1761943799.847596,2,QWEN2.5-7B,game-theorist,Tit4Tat,53,0.0066904896579724,C,(fallback: extracted keyword),1,0,5,-5,DDDDDDDDDDDDDDDDDDDDDDDDDDDDDDDDDDDDDDDDDDDDDDDDDDDDC,CDDDDDDDDDDDDDDDDDDDDDDDDDDDDDDDDDDDDDDDDDDDDDDDDDDDD,False
1761943827.123455,2,QWEN2.5-7B,game-theorist,Tit4Tat,59,0.0052188357747272,C,(fallback: extracted keyword),1,0,5,-5,DDDDDDDDDDDDDDDDDDDDDDDDDDDDDDDDDDDDDDDDDDDDDDDDDDDDCDDDDDC,CDDDDDDDDDDDDDDDDDDDDDDDDDDDDDDDDDDDDDDDDDDDDDDDDDDDDDDDDDD,False
1761943889.9466615,2,QWEN2.5-7B,game-theorist,Tit4Tat,73,0.0055530732518785,C,(fallback: extracted keyword),1,0,5,-5,DDDDDDDDDDDDDDDDDDDDDDDDDDDDDDDDDDDDDDDDDDDDDDDDDDDDCDDDDDCDDDDDDDDDDDDDC,CDDDDDDDDDDDDDDDDDDDDDDDDDDDDDDDDDDDDDDDDDDDDDDDDDDDDDDDDDDDDDDDDDDDDDDDD,False
1761943981.4285405,2,QWEN2.5-7B,game-theorist,Tit4Tat,93,0.0059086204506921,C,(fallback: extracted keyword),1,0,5,-5,DDDDDDDDDDDDDDDDDDDDDDDDDDDDDDDDDDDDDDDDDDDDDDDDDDDDCDDDDDCDDDDDDDDDDDDDCCDDDDDDDDDDDDDDDDDDC,CDDDDDDDDDDDDDDDDDDDDDDDDDDDDDDDDDDDDDDDDDDDDDDDDDDDDDDDDDDDDDDDDDDDDDDDDDDDDDDDDDDDDDDDDDDDD,False
1761944013.2436447,2,QWEN2.5-7B,game-theorist,Tit4Tat,100,0.0052174719253234,C,(fallback: extracted keyword),1,0,5,-5,DDDDDDDDDDDDDDDDDDDDDDDDDDDDDDDDDDDDDDDDDDDDDDDDDDDDCDDDDDCDDDDDDDDDDDDDCCDDDDDDDDDDDDDDDDDDCDDDDDDC,CDDDDDDDDDDDDDDDDDDDDDDDDDDDDDDDDDDDDDDDDDDDDDDDDDDDDDDDDDDDDDDDDDDDDDDDDDDDDDDDDDDDDDDDDDDDDDDDDDDD,False
1761944108.0290782,2,QWEN2.5-7B,game-theorist,Random,21,0.0059114107047301,C,(fallback: extracted keyword),1,0,5,-5,DDDDDDDDDDDDDDDDDDDDC,CCCDCDDCCCDDDDDCCDDDD,False
1761944254.1630495,2,QWEN2.5-7B,game-theorist,Random,53,0.0066904896579724,C,(fallback: extracted keyword),1,3,3,0,DDDDDDDDDDDDDDDDDDDDCDDDDDDDDDDDDDDDDDDDDDDDDDDDDDDDC,CCCDCDDCCCDDDDDCCDDDDDCCCCCCDCCDCDDDDDDCDDCDDDDDDDDDC,False
1761960882.8163369,3,QWEN2.5-7B,game-theorist,AlwaysCooperate,17,0.0071217321942788,C,(fallback: extracted keyword),1,3,3,0,DDDDDDDDDDDDDDDDC,CCCCCCCCCCCCCCCCC,False
1761961498.0340889,3,QWEN2.5-7B,game-theorist,AlwaysDefect,53,0.0066904896579724,C,(fallback: extracted keyword),1,0,5,-5,DDDDDDDDDDDDDDDDDDDDDDDDDDDDDDDDDDDDDDDDDDDDDDDDDDDDC,DDDDDDDDDDDDDDDDDDDDDDDDDDDDDDDDDDDDDDDDDDDDDDDDDDDDD,False
1761961524.6554875,3,QWEN2.5-7B,game-theorist,AlwaysDefect,59,0.0052188357747272,C,(fallback: extracted keyword),1,0,5,-5,DDDDDDDDDDDDDDDDDDDDDDDDDDDDDDDDDDDDDDDDDDDDDDDDDDDDCDDDDDC,DDDDDDDDDDDDDDDDDDDDDDDDDDDDDDDDDDDDDDDDDDDDDDDDDDDDDDDDDDD,False
1761961587.7611282,3,QWEN2.5-7B,game-theorist,AlwaysDefect,73,0.0055530732518785,C,(fallback: extracted keyword),1,0,5,-5,DDDDDDDDDDDDDDDDDDDDDDDDDDDDDDDDDDDDDDDDDDDDDDDDDDDDCDDDDDCDDDDDDDDDDDDDC,DDDDDDDDDDDDDDDDDDDDDDDDDDDDDDDDDDDDDDDDDDDDDDDDDDDDDDDDDDDDDDDDDDDDDDDDD,False
1761961679.1965845,3,QWEN2.5-7B,game-theorist,AlwaysDefect,93,0.0059086204506921,C,(fallback: extracted keyword),1,0,5,-5,DDDDDDDDDDDDDDDDDDDDDDDDDDDDDDDDDDDDDDDDDDDDDDDDDDDDCDDDDDCDDDDDDDDDDDDDCCDDDDDDDDDDDDDDDDDDC,DDDDDDDDDDDDDDDDDDDDDDDDDDDDDDDDDDDDDDDDDDDDDDDDDDDDDDDDDDDDDDDDDDDDDDDDDDDDDDDDDDDDDDDDDDDDD,False
1761961711.2081923,3,QWEN2.5-7B,game-theorist,AlwaysDefect,100,0.0052174719253234,C,(fallback: extracted keyword),1,0,5,-5,DDDDDDDDDDDDDDDDDDDDDDDDDDDDDDDDDDDDDDDDDDDDDDDDDDDDCDDDDDCDDDDDDDDDDDDDCCDDDDDDDDDDDDDDDDDDCDDDDDDC,DDDDDDDDDDDDDDDDDDDDDDDDDDDDDDDDDDDDDDDDDDDDDDDDDDDDDDDDDDDDDDDDDDDDDDDDDDDDDDDDDDDDDDDDDDDDDDDDDDDD,False
1761961950.702524,3,QWEN2.5-7B,game-theorist,Tit4Tat,53,0.0066904896579724,C,(fallback: extracted keyword),1,0,5,-5,DDDDDDDDDDDDDDDDDDDDDDDDDDDDDDDDDDDDDDDDDDDDDDDDDDDDC,CDDDDDDDDDDDDDDDDDDDDDDDDDDDDDDDDDDDDDDDDDDDDDDDDDDDD,False
1761961975.867754,3,QWEN2.5-7B,game-theorist,Tit4Tat,59,0.0052188357747272,C,(fallback: extracted keyword),1,0,5,-5,DDDDDDDDDDDDDDDDDDDDDDDDDDDDDDDDDDDDDDDDDDDDDDDDDDDDCDDDDDC,CDDDDDDDDDDDDDDDDDDDDDDDDDDDDDDDDDDDDDDDDDDDDDDDDDDDDDDDDDD,False
1761962038.1927154,3,QWEN2.5-7B,game-theorist,Tit4Tat,73,0.0055530732518785,C,(fallback: extracted keyword),1,0,5,-5,DDDDDDDDDDDDDDDDDDDDDDDDDDDDDDDDDDDDDDDDDDDDDDDDDDDDCDDDDDCDDDDDDDDDDDDDC,CDDDDDDDDDDDDDDDDDDDDDDDDDDDDDDDDDDDDDDDDDDDDDDDDDDDDDDDDDDDDDDDDDDDDDDDD,False
1761962129.5869973,3,QWEN2.5-7B,game-theorist,Tit4Tat,93,0.0059086204506921,C,(fallback: extracted keyword),1,0,5,-5,DDDDDDDDDDDDDDDDDDDDDDDDDDDDDDDDDDDDDDDDDDDDDDDDDDDDCDDDDDCDDDDDDDDDDDDDCCDDDDDDDDDDDDDDDDDDC,CDDDDDDDDDDDDDDDDDDDDDDDDDDDDDDDDDDDDDDDDDDDDDDDDDDDDDDDDDDDDDDDDDDDDDDDDDDDDDDDDDDDDDDDDDDDD,False
1761962161.631577,3,QWEN2.5-7B,game-theorist,Tit4Tat,100,0.0052174719253234,C,(fallback: extracted keyword),1,0,5,-5,DDDDDDDDDDDDDDDDDDDDDDDDDDDDDDDDDDDDDDDDDDDDDDDDDDDDCDDDDDCDDDDDDDDDDDDDCCDDDDDDDDDDDDDDDDDDCDDDDDDC,CDDDDDDDDDDDDDDDDDDDDDDDDDDDDDDDDDDDDDDDDDDDDDDDDDDDDDDDDDDDDDDDDDDDDDDDDDDDDDDDDDDDDDDDDDDDDDDDDDDD,False
1761962193.3387842,3,QWEN2.5-7B,game-theorist,Random,7,0.0049036905588454,C,(fallback: extracted keyword),1,0,5,-5,DDDDDDC,CCDDCCD,False
1761960884.868321,3,QWEN2.5-7B,game-theorist,AlwaysCooperate,17,0.0071217321942788,C,(fallback: extracted keyword),1,3,3,0,DDDDDDDDDDDDDDDDC,CCCCCCCCCCCCCCCCC,False
1761961500.0453763,3,QWEN2.5-7B,game-theorist,AlwaysDefect,53,0.0066904896579724,C,(fallback: extracted keyword),1,0,5,-5,DDDDDDDDDDDDDDDDDDDDDDDDDDDDDDDDDDDDDDDDDDDDDDDDDDDDC,DDDDDDDDDDDDDDDDDDDDDDDDDDDDDDDDDDDDDDDDDDDDDDDDDDDDD,False
1761961526.6310866,3,QWEN2.5-7B,game-theorist,AlwaysDefect,59,0.0052188357747272,C,(fallback: extracted keyword),1,0,5,-5,DDDDDDDDDDDDDDDDDDDDDDDDDDDDDDDDDDDDDDDDDDDDDDDDDDDDCDDDDDC,DDDDDDDDDDDDDDDDDDDDDDDDDDDDDDDDDDDDDDDDDDDDDDDDDDDDDDDDDDD,False
1761961589.8349965,3,QWEN2.5-7B,game-theorist,AlwaysDefect,73,0.0055530732518785,C,(fallback: extracted keyword),1,0,5,-5,DDDDDDDDDDDDDDDDDDDDDDDDDDDDDDDDDDDDDDDDDDDDDDDDDDDDCDDDDDCDDDDDDDDDDDDDC,DDDDDDDDDDDDDDDDDDDDDDDDDDDDDDDDDDDDDDDDDDDDDDDDDDDDDDDDDDDDDDDDDDDDDDDDD,False
1761961681.279823,3,QWEN2.5-7B,game-theorist,AlwaysDefect,93,0.0059086204506921,C,(fallback: extracted keyword),1,0,5,-5,DDDDDDDDDDDDDDDDDDDDDDDDDDDDDDDDDDDDDDDDDDDDDDDDDDDDCDDDDDCDDDDDDDDDDDDDCCDDDDDDDDDDDDDDDDDDC,DDDDDDDDDDDDDDDDDDDDDDDDDDDDDDDDDDDDDDDDDDDDDDDDDDDDDDDDDDDDDDDDDDDDDDDDDDDDDDDDDDDDDDDDDDDDD,False
1761961713.283284,3,QWEN2.5-7B,game-theorist,AlwaysDefect,100,0.0052174719253234,C,(fallback: extracted keyword),1,0,5,-5,DDDDDDDDDDDDDDDDDDDDDDDDDDDDDDDDDDDDDDDDDDDDDDDDDDDDCDDDDDCDDDDDDDDDDDDDCCDDDDDDDDDDDDDDDDDDCDDDDDDC,DDDDDDDDDDDDDDDDDDDDDDDDDDDDDDDDDDDDDDDDDDDDDDDDDDDDDDDDDDDDDDDDDDDDDDDDDDDDDDDDDDDDDDDDDDDDDDDDDDDD,False
1761961952.4685557,3,QWEN2.5-7B,game-theorist,Tit4Tat,53,0.0066904896579724,C,(fallback: extracted keyword),1,0,5,-5,DDDDDDDDDDDDDDDDDDDDDDDDDDDDDDDDDDDDDDDDDDDDDDDDDDDDC,CDDDDDDDDDDDDDDDDDDDDDDDDDDDDDDDDDDDDDDDDDDDDDDDDDDDD,False
1761961977.8960867,3,QWEN2.5-7B,game-theorist,Tit4Tat,59,0.0052188357747272,C,(fallback: extracted keyword),1,0,5,-5,DDDDDDDDDDDDDDDDDDDDDDDDDDDDDDDDDDDDDDDDDDDDDDDDDDDDCDDDDDC,CDDDDDDDDDDDDDDDDDDDDDDDDDDDDDDDDDDDDDDDDDDDDDDDDDDDDDDDDDD,False
1761962040.2421029,3,QWEN2.5-7B,game-theorist,Tit4Tat,73,0.0055530732518785,C,(fallback: extracted keyword),1,0,5,-5,DDDDDDDDDDDDDDDDDDDDDDDDDDDDDDDDDDDDDDDDDDDDDDDDDDDDCDDDDDCDDDDDDDDDDDDDC,CDDDDDDDDDDDDDDDDDDDDDDDDDDDDDDDDDDDDDDDDDDDDDDDDDDDDDDDDDDDDDDDDDDDDDDDD,False
1761962131.6785464,3,QWEN2.5-7B,game-theorist,Tit4Tat,93,0.0059086204506921,C,(fallback: extracted keyword),1,0,5,-5,DDDDDDDDDDDDDDDDDDDDDDDDDDDDDDDDDDDDDDDDDDDDDDDDDDDDCDDDDDCDDDDDDDDDDDDDCCDDDDDDDDDDDDDDDDDDC,CDDDDDDDDDDDDDDDDDDDDDDDDDDDDDDDDDDDDDDDDDDDDDDDDDDDDDDDDDDDDDDDDDDDDDDDDDDDDDDDDDDDDDDDDDDDD,False
1761962163.7059643,3,QWEN2.5-7B,game-theorist,Tit4Tat,100,0.0052174719253234,C,(fallback: extracted keyword),1,0,5,-5,DDDDDDDDDDDDDDDDDDDDDDDDDDDDDDDDDDDDDDDDDDDDDDDDDDDDCDDDDDCDDDDDDDDDDDDDCCDDDDDDDDDDDDDDDDDDCDDDDDDC,CDDDDDDDDDDDDDDDDDDDDDDDDDDDDDDDDDDDDDDDDDDDDDDDDDDDDDDDDDDDDDDDDDDDDDDDDDDDDDDDDDDDDDDDDDDDDDDDDDDD,False
1761962195.4291394,3,QWEN2.5-7B,game-theorist,Random,7,0.0049036905588454,C,(fallback: extracted keyword),1,0,5,-5,DDDDDDC,CCDDCCD,False
1761979069.882675,4,QWEN2.5-7B,game-theorist,AlwaysCooperate,17,0.0071217321942788,C,(fallback: extracted keyword),1,3,3,0,DDDDDDDDDDDDDDDDC,CCCCCCCCCCCCCCCCC,False
1761979692.6730068,4,QWEN2.5-7B,game-theorist,AlwaysDefect,53,0.0066904896579724,C,(fallback: extracted keyword),1,0,5,-5,DDDDDDDDDDDDDDDDDDDDDDDDDDDDDDDDDDDDDDDDDDDDDDDDDDDDC,DDDDDDDDDDDDDDDDDDDDDDDDDDDDDDDDDDDDDDDDDDDDDDDDDDDDD,False
1761979720.1603944,4,QWEN2.5-7B,game-theorist,AlwaysDefect,59,0.0052188357747272,C,(fallback: extracted keyword),1,0,5,-5,DDDDDDDDDDDDDDDDDDDDDDDDDDDDDDDDDDDDDDDDDDDDDDDDDDDDCDDDDDC,DDDDDDDDDDDDDDDDDDDDDDDDDDDDDDDDDDDDDDDDDDDDDDDDDDDDDDDDDDD,False
1761979784.3123052,4,QWEN2.5-7B,game-theorist,AlwaysDefect,73,0.0055530732518785,C,(fallback: extracted keyword),1,0,5,-5,DDDDDDDDDDDDDDDDDDDDDDDDDDDDDDDDDDDDDDDDDDDDDDDDDDDDCDDDDDCDDDDDDDDDDDDDC,DDDDDDDDDDDDDDDDDDDDDDDDDDDDDDDDDDDDDDDDDDDDDDDDDDDDDDDDDDDDDDDDDDDDDDDDD,False
1761979875.8884735,4,QWEN2.5-7B,game-theorist,AlwaysDefect,93,0.0059086204506921,C,(fallback: extracted keyword),1,0,5,-5,DDDDDDDDDDDDDDDDDDDDDDDDDDDDDDDDDDDDDDDDDDDDDDDDDDDDCDDDDDCDDDDDDDDDDDDDCCDDDDDDDDDDDDDDDDDDC,DDDDDDDDDDDDDDDDDDDDDDDDDDDDDDDDDDDDDDDDDDDDDDDDDDDDDDDDDDDDDDDDDDDDDDDDDDDDDDDDDDDDDDDDDDDDD,False
1761979907.940931,4,QWEN2.5-7B,game-theorist,AlwaysDefect,100,0.0052174719253234,C,(fallback: extracted keyword),1,0,5,-5,DDDDDDDDDDDDDDDDDDDDDDDDDDDDDDDDDDDDDDDDDDDDDDDDDDDDCDDDDDCDDDDDDDDDDDDDCCDDDDDDDDDDDDDDDDDDCDDDDDDC,DDDDDDDDDDDDDDDDDDDDDDDDDDDDDDDDDDDDDDDDDDDDDDDDDDDDDDDDDDDDDDDDDDDDDDDDDDDDDDDDDDDDDDDDDDDDDDDDDDDD,False
1761980149.8868287,4,QWEN2.5-7B,game-theorist,Tit4Tat,53,0.0066904896579724,C,(fallback: extracted keyword),1,0,5,-5,DDDDDDDDDDDDDDDDDDDDDDDDDDDDDDDDDDDDDDDDDDDDDDDDDDDDC,CDDDDDDDDDDDDDDDDDDDDDDDDDDDDDDDDDDDDDDDDDDDDDDDDDDDD,False
1761980177.3054876,4,QWEN2.5-7B,game-theorist,Tit4Tat,59,0.0052188357747272,C,(fallback: extracted keyword),1,0,5,-5,DDDDDDDDDDDDDDDDDDDDDDDDDDDDDDDDDDDDDDDDDDDDDDDDDDDDCDDDDDC,CDDDDDDDDDDDDDDDDDDDDDDDDDDDDDDDDDDDDDDDDDDDDDDDDDDDDDDDDDD,False
1761980241.476001,4,QWEN2.5-7B,game-theorist,Tit4Tat,73,0.0055530732518785,C,(fallback: extracted keyword),1,0,5,-5,DDDDDDDDDDDDDDDDDDDDDDDDDDDDDDDDDDDDDDDDDDDDDDDDDDDDCDDDDDCDDDDDDDDDDDDDC,CDDDDDDDDDDDDDDDDDDDDDDDDDDDDDDDDDDDDDDDDDDDDDDDDDDDDDDDDDDDDDDDDDDDDDDDD,False
1761980333.0328562,4,QWEN2.5-7B,game-theorist,Tit4Tat,93,0.0059086204506921,C,(fallback: extracted keyword),1,0,5,-5,DDDDDDDDDDDDDDDDDDDDDDDDDDDDDDDDDDDDDDDDDDDDDDDDDDDDCDDDDDCDDDDDDDDDDDDDCCDDDDDDDDDDDDDDDDDDC,CDDDDDDDDDDDDDDDDDDDDDDDDDDDDDDDDDDDDDDDDDDDDDDDDDDDDDDDDDDDDDDDDDDDDDDDDDDDDDDDDDDDDDDDDDDDD,False
1761980365.1177309,4,QWEN2.5-7B,game-theorist,Tit4Tat,100,0.0052174719253234,C,(fallback: extracted keyword),1,0,5,-5,DDDDDDDDDDDDDDDDDDDDDDDDDDDDDDDDDDDDDDDDDDDDDDDDDDDDCDDDDDCDDDDDDDDDDDDDCCDDDDDDDDDDDDDDDDDDCDDDDDDC,CDDDDDDDDDDDDDDDDDDDDDDDDDDDDDDDDDDDDDDDDDDDDDDDDDDDDDDDDDDDDDDDDDDDDDDDDDDDDDDDDDDDDDDDDDDDDDDDDDDD,False
1761980776.6790051,4,QWEN2.5-7B,game-theorist,Random,90,0.0055538711707885,C,(fallback: extracted keyword),1,0,5,-5,DDDDDDDCDDDDDDDDDDDDDDDDDDDDDDDDDDDDDDDDDDDDDDDDDDDDDDDDDDDDDDDDDDDDDDDDDDDDDDDDDDDDDDDDDC,CDCDDCCCCDDCCDDCCDCCDDCCDDDCDDCCCDDCDCDDCDDDDDCCDDCCCDDDDCCCDCDDCDDDCDCCCDCCDCDDCCDCDDCDDD,False
1761979071.9809752,4,QWEN2.5-7B,game-theorist,AlwaysCooperate,17,0.0071217321942788,C,(fallback: extracted keyword),1,3,3,0,DDDDDDDDDDDDDDDDC,CCCCCCCCCCCCCCCCC,False
1761979694.7793632,4,QWEN2.5-7B,game-theorist,AlwaysDefect,53,0.0066904896579724,C,(fallback: extracted keyword),1,0,5,-5,DDDDDDDDDDDDDDDDDDDDDDDDDDDDDDDDDDDDDDDDDDDDDDDDDDDDC,DDDDDDDDDDDDDDDDDDDDDDDDDDDDDDDDDDDDDDDDDDDDDDDDDDDDD,False
1761979722.2507765,4,QWEN2.5-7B,game-theorist,AlwaysDefect,59,0.0052188357747272,C,(fallback: extracted keyword),1,0,5,-5,DDDDDDDDDDDDDDDDDDDDDDDDDDDDDDDDDDDDDDDDDDDDDDDDDDDDCDDDDDC,DDDDDDDDDDDDDDDDDDDDDDDDDDDDDDDDDDDDDDDDDDDDDDDDDDDDDDDDDDD,False
1761979786.3993971,4,QWEN2.5-7B,game-theorist,AlwaysDefect,73,0.0055530732518785,C,(fallback: extracted keyword),1,0,5,-5,DDDDDDDDDDDDDDDDDDDDDDDDDDDDDDDDDDDDDDDDDDDDDDDDDDDDCDDDDDCDDDDDDDDDDDDDC,DDDDDDDDDDDDDDDDDDDDDDDDDDDDDDDDDDDDDDDDDDDDDDDDDDDDDDDDDDDDDDDDDDDDDDDDD,False
1761979877.9953954,4,QWEN2.5-7B,game-theorist,AlwaysDefect,93,0.0059086204506921,C,(fallback: extracted keyword),1,0,5,-5,DDDDDDDDDDDDDDDDDDDDDDDDDDDDDDDDDDDDDDDDDDDDDDDDDDDDCDDDDDCDDDDDDDDDDDDDCCDDDDDDDDDDDDDDDDDDC,DDDDDDDDDDDDDDDDDDDDDDDDDDDDDDDDDDDDDDDDDDDDDDDDDDDDDDDDDDDDDDDDDDDDDDDDDDDDDDDDDDDDDDDDDDDDD,False
1761979910.0155346,4,QWEN2.5-7B,game-theorist,AlwaysDefect,100,0.0052174719253234,C,(fallback: extracted keyword),1,0,5,-5,DDDDDDDDDDDDDDDDDDDDDDDDDDDDDDDDDDDDDDDDDDDDDDDDDDDDCDDDDDCDDDDDDDDDDDDDCCDDDDDDDDDDDDDDDDDDCDDDDDDC,DDDDDDDDDDDDDDDDDDDDDDDDDDDDDDDDDDDDDDDDDDDDDDDDDDDDDDDDDDDDDDDDDDDDDDDDDDDDDDDDDDDDDDDDDDDDDDDDDDDD,False
1761980151.9755359,4,QWEN2.5-7B,game-theorist,Tit4Tat,53,0.0066904896579724,C,(fallback: extracted keyword),1,0,5,-5,DDDDDDDDDDDDDDDDDDDDDDDDDDDDDDDDDDDDDDDDDDDDDDDDDDDDC,CDDDDDDDDDDDDDDDDDDDDDDDDDDDDDDDDDDDDDDDDDDDDDDDDDDDD,False
1761980179.4022348,4,QWEN2.5-7B,game-theorist,Tit4Tat,59,0.0052188357747272,C,(fallback: extracted keyword),1,0,5,-5,DDDDDDDDDDDDDDDDDDDDDDDDDDDDDDDDDDDDDDDDDDDDDDDDDDDDCDDDDDC,CDDDDDDDDDDDDDDDDDDDDDDDDDDDDDDDDDDDDDDDDDDDDDDDDDDDDDDDDDD,False
1761980243.5766928,4,QWEN2.5-7B,game-theorist,Tit4Tat,73,0.0055530732518785,C,(fallback: extracted keyword),1,0,5,-5,DDDDDDDDDDDDDDDDDDDDDDDDDDDDDDDDDDDDDDDDDDDDDDDDDDDDCDDDDDCDDDDDDDDDDDDDC,CDDDDDDDDDDDDDDDDDDDDDDDDDDDDDDDDDDDDDDDDDDDDDDDDDDDDDDDDDDDDDDDDDDDDDDDD,False
1761980335.1266456,4,QWEN2.5-7B,game-theorist,Tit4Tat,93,0.0059086204506921,C,(fallback: extracted keyword),1,0,5,-5,DDDDDDDDDDDDDDDDDDDDDDDDDDDDDDDDDDDDDDDDDDDDDDDDDDDDCDDDDDCDDDDDDDDDDDDDCCDDDDDDDDDDDDDDDDDDC,CDDDDDDDDDDDDDDDDDDDDDDDDDDDDDDDDDDDDDDDDDDDDDDDDDDDDDDDDDDDDDDDDDDDDDDDDDDDDDDDDDDDDDDDDDDDD,False
1761980367.201254,4,QWEN2.5-7B,game-theorist,Tit4Tat,100,0.0052174719253234,C,(fallback: extracted keyword),1,0,5,-5,DDDDDDDDDDDDDDDDDDDDDDDDDDDDDDDDDDDDDDDDDDDDDDDDDDDDCDDDDDCDDDDDDDDDDDDDCCDDDDDDDDDDDDDDDDDDCDDDDDDC,CDDDDDDDDDDDDDDDDDDDDDDDDDDDDDDDDDDDDDDDDDDDDDDDDDDDDDDDDDDDDDDDDDDDDDDDDDDDDDDDDDDDDDDDDDDDDDDDDDDD,False
1761980778.7581153,4,QWEN2.5-7B,game-theorist,Random,90,0.0055538711707885,C,(fallback: extracted keyword),1,0,5,-5,DDDDDDDCDDDDDDDDDDDDDDDDDDDDDDDDDDDDDDDDDDDDDDDDDDDDDDDDDDDDDDDDDDDDDDDDDDDDDDDDDDDDDDDDDC,CDCDDCCCCDDCCDDCCDCCDDCCDDDCDDCCCDDCDCDDCDDDDDCCDDCCCDDDDCCCDCDDCDDDCDCCCDCCDCDDCCDCDDCDDD,False
1761997272.2353802,5,QWEN2.5-7B,game-theorist,AlwaysCooperate,17,0.0071217321942788,C,(fallback: extracted keyword),1,3,3,0,DDDDDDDDDDDDDDDDC,CCCCCCCCCCCCCCCCC,False
1761997894.8091574,5,QWEN2.5-7B,game-theorist,AlwaysDefect,53,0.0066904896579724,C,(fallback: extracted keyword),1,0,5,-5,DDDDDDDDDDDDDDDDDDDDDDDDDDDDDDDDDDDDDDDDDDDDDDDDDDDDC,DDDDDDDDDDDDDDDDDDDDDDDDDDDDDDDDDDDDDDDDDDDDDDDDDDDDD,False
1761997922.2931445,5,QWEN2.5-7B,game-theorist,AlwaysDefect,59,0.0052188357747272,C,(fallback: extracted keyword),1,0,5,-5,DDDDDDDDDDDDDDDDDDDDDDDDDDDDDDDDDDDDDDDDDDDDDDDDDDDDCDDDDDC,DDDDDDDDDDDDDDDDDDDDDDDDDDDDDDDDDDDDDDDDDDDDDDDDDDDDDDDDDDD,False
1761997986.4125614,5,QWEN2.5-7B,game-theorist,AlwaysDefect,73,0.0055530732518785,C,(fallback: extracted keyword),1,0,5,-5,DDDDDDDDDDDDDDDDDDDDDDDDDDDDDDDDDDDDDDDDDDDDDDDDDDDDCDDDDDCDDDDDDDDDDDDDC,DDDDDDDDDDDDDDDDDDDDDDDDDDDDDDDDDDDDDDDDDDDDDDDDDDDDDDDDDDDDDDDDDDDDDDDDD,False
1761998077.9394355,5,QWEN2.5-7B,game-theorist,AlwaysDefect,93,0.0059086204506921,C,(fallback: extracted keyword),1,0,5,-5,DDDDDDDDDDDDDDDDDDDDDDDDDDDDDDDDDDDDDDDDDDDDDDDDDDDDCDDDDDCDDDDDDDDDDDDDCCDDDDDDDDDDDDDDDDDDC,DDDDDDDDDDDDDDDDDDDDDDDDDDDDDDDDDDDDDDDDDDDDDDDDDDDDDDDDDDDDDDDDDDDDDDDDDDDDDDDDDDDDDDDDDDDDD,False
1761998109.994642,5,QWEN2.5-7B,game-theorist,AlwaysDefect,100,0.0052174719253234,C,(fallback: extracted keyword),1,0,5,-5,DDDDDDDDDDDDDDDDDDDDDDDDDDDDDDDDDDDDDDDDDDDDDDDDDDDDCDDDDDCDDDDDDDDDDDDDCCDDDDDDDDDDDDDDDDDDCDDDDDDC,DDDDDDDDDDDDDDDDDDDDDDDDDDDDDDDDDDDDDDDDDDDDDDDDDDDDDDDDDDDDDDDDDDDDDDDDDDDDDDDDDDDDDDDDDDDDDDDDDDDD,False
1761998352.2936983,5,QWEN2.5-7B,game-theorist,Tit4Tat,53,0.0066904896579724,C,(fallback: extracted keyword),1,0,5,-5,DDDDDDDDDDDDDDDDDDDDDDDDDDDDDDDDDDDDDDDDDDDDDDDDDDDDC,CDDDDDDDDDDDDDDDDDDDDDDDDDDDDDDDDDDDDDDDDDDDDDDDDDDDD,False
1761998379.7746313,5,QWEN2.5-7B,game-theorist,Tit4Tat,59,0.0052188357747272,C,(fallback: extracted keyword),1,0,5,-5,DDDDDDDDDDDDDDDDDDDDDDDDDDDDDDDDDDDDDDDDDDDDDDDDDDDDCDDDDDC,CDDDDDDDDDDDDDDDDDDDDDDDDDDDDDDDDDDDDDDDDDDDDDDDDDDDDDDDDDD,False
1761998443.7954488,5,QWEN2.5-7B,game-theorist,Tit4Tat,73,0.0055530732518785,C,(fallback: extracted keyword),1,0,5,-5,DDDDDDDDDDDDDDDDDDDDDDDDDDDDDDDDDDDDDDDDDDDDDDDDDDDDCDDDDDCDDDDDDDDDDDDDC,CDDDDDDDDDDDDDDDDDDDDDDDDDDDDDDDDDDDDDDDDDDDDDDDDDDDDDDDDDDDDDDDDDDDDDDDD,False
1761998535.2278368,5,QWEN2.5-7B,game-theorist,Tit4Tat,93,0.0059086204506921,C,(fallback: extracted keyword),1,0,5,-5,DDDDDDDDDDDDDDDDDDDDDDDDDDDDDDDDDDDDDDDDDDDDDDDDDDDDCDDDDDCDDDDDDDDDDDDDCCDDDDDDDDDDDDDDDDDDC,CDDDDDDDDDDDDDDDDDDDDDDDDDDDDDDDDDDDDDDDDDDDDDDDDDDDDDDDDDDDDDDDDDDDDDDDDDDDDDDDDDDDDDDDDDDDD,False
1761998567.251002,5,QWEN2.5-7B,game-theorist,Tit4Tat,100,0.0052174719253234,C,(fallback: extracted keyword),1,0,5,-5,DDDDDDDDDDDDDDDDDDDDDDDDDDDDDDDDDDDDDDDDDDDDDDDDDDDDCDDDDDCDDDDDDDDDDDDDCCDDDDDDDDDDDDDDDDDDCDDDDDDC,CDDDDDDDDDDDDDDDDDDDDDDDDDDDDDDDDDDDDDDDDDDDDDDDDDDDDDDDDDDDDDDDDDDDDDDDDDDDDDDDDDDDDDDDDDDDDDDDDDDD,False
1761998754.699415,5,QWEN2.5-7B,game-theorist,Random,41,0.0062889037836353,C,(fallback: extracted keyword),1,3,3,0,DDDDDDDDDDDDDDDDDDDDDDDDDDDDDDDDDDDDDDDDC,DDCDCCCCDDCDCCCCDDCDCCCDCCCCCCCCDDCCCCDDC,False
1761997274.3211002,5,QWEN2.5-7B,game-theorist,AlwaysCooperate,17,0.0071217321942788,C,(fallback: extracted keyword),1,3,3,0,DDDDDDDDDDDDDDDDC,CCCCCCCCCCCCCCCCC,False
1761997896.895226,5,QWEN2.5-7B,game-theorist,AlwaysDefect,53,0.0066904896579724,C,(fallback: extracted keyword),1,0,5,-5,DDDDDDDDDDDDDDDDDDDDDDDDDDDDDDDDDDDDDDDDDDDDDDDDDDDDC,DDDDDDDDDDDDDDDDDDDDDDDDDDDDDDDDDDDDDDDDDDDDDDDDDDDDD,False
1761997924.3724573,5,QWEN2.5-7B,game-theorist,AlwaysDefect,59,0.0052188357747272,C,(fallback: extracted keyword),1,0,5,-5,DDDDDDDDDDDDDDDDDDDDDDDDDDDDDDDDDDDDDDDDDDDDDDDDDDDDCDDDDDC,DDDDDDDDDDDDDDDDDDDDDDDDDDDDDDDDDDDDDDDDDDDDDDDDDDDDDDDDDDD,False
1761997988.504799,5,QWEN2.5-7B,game-theorist,AlwaysDefect,73,0.0055530732518785,C,(fallback: extracted keyword),1,0,5,-5,DDDDDDDDDDDDDDDDDDDDDDDDDDDDDDDDDDDDDDDDDDDDDDDDDDDDCDDDDDCDDDDDDDDDDDDDC,DDDDDDDDDDDDDDDDDDDDDDDDDDDDDDDDDDDDDDDDDDDDDDDDDDDDDDDDDDDDDDDDDDDDDDDDD,False
1761998080.0390892,5,QWEN2.5-7B,game-theorist,AlwaysDefect,93,0.0059086204506921,C,(fallback: extracted keyword),1,0,5,-5,DDDDDDDDDDDDDDDDDDDDDDDDDDDDDDDDDDDDDDDDDDDDDDDDDDDDCDDDDDCDDDDDDDDDDDDDCCDDDDDDDDDDDDDDDDDDC,DDDDDDDDDDDDDDDDDDDDDDDDDDDDDDDDDDDDDDDDDDDDDDDDDDDDDDDDDDDDDDDDDDDDDDDDDDDDDDDDDDDDDDDDDDDDD,False
1761998112.066367,5,QWEN2.5-7B,game-theorist,AlwaysDefect,100,0.0052174719253234,C,(fallback: extracted keyword),1,0,5,-5,DDDDDDDDDDDDDDDDDDDDDDDDDDDDDDDDDDDDDDDDDDDDDDDDDDDDCDDDDDCDDDDDDDDDDDDDCCDDDDDDDDDDDDDDDDDDCDDDDDDC,DDDDDDDDDDDDDDDDDDDDDDDDDDDDDDDDDDDDDDDDDDDDDDDDDDDDDDDDDDDDDDDDDDDDDDDDDDDDDDDDDDDDDDDDDDDDDDDDDDDD,False
1761998354.3827612,5,QWEN2.5-7B,game-theorist,Tit4Tat,53,0.0066904896579724,C,(fallback: extracted keyword),1,0,5,-5,DDDDDDDDDDDDDDDDDDDDDDDDDDDDDDDDDDDDDDDDDDDDDDDDDDDDC,CDDDDDDDDDDDDDDDDDDDDDDDDDDDDDDDDDDDDDDDDDDDDDDDDDDDD,False
1761998381.8634276,5,QWEN2.5-7B,game-theorist,Tit4Tat,59,0.0052188357747272,C,(fallback: extracted keyword),1,0,5,-5,DDDDDDDDDDDDDDDDDDDDDDDDDDDDDDDDDDDDDDDDDDDDDDDDDDDDCDDDDDC,CDDDDDDDDDDDDDDDDDDDDDDDDDDDDDDDDDDDDDDDDDDDDDDDDDDDDDDDDDD,False
1761998445.8740041,5,QWEN2.5-7B,game-theorist,Tit4Tat,73,0.0055530732518785,C,(fallback: extracted keyword),1,0,5,-5,DDDDDDDDDDDDDDDDDDDDDDDDDDDDDDDDDDDDDDDDDDDDDDDDDDDDCDDDDDCDDDDDDDDDDDDDC,CDDDDDDDDDDDDDDDDDDDDDDDDDDDDDDDDDDDDDDDDDDDDDDDDDDDDDDDDDDDDDDDDDDDDDDDD,False
1761998537.3151963,5,QWEN2.5-7B,game-theorist,Tit4Tat,93,0.0059086204506921,C,(fallback: extracted keyword),1,0,5,-5,DDDDDDDDDDDDDDDDDDDDDDDDDDDDDDDDDDDDDDDDDDDDDDDDDDDDCDDDDDCDDDDDDDDDDDDDCCDDDDDDDDDDDDDDDDDDC,CDDDDDDDDDDDDDDDDDDDDDDDDDDDDDDDDDDDDDDDDDDDDDDDDDDDDDDDDDDDDDDDDDDDDDDDDDDDDDDDDDDDDDDDDDDDD,False
1761998569.3385367,5,QWEN2.5-7B,game-theorist,Tit4Tat,100,0.0052174719253234,C,(fallback: extracted keyword),1,0,5,-5,DDDDDDDDDDDDDDDDDDDDDDDDDDDDDDDDDDDDDDDDDDDDDDDDDDDDCDDDDDCDDDDDDDDDDDDDCCDDDDDDDDDDDDDDDDDDCDDDDDDC,CDDDDDDDDDDDDDDDDDDDDDDDDDDDDDDDDDDDDDDDDDDDDDDDDDDDDDDDDDDDDDDDDDDDDDDDDDDDDDDDDDDDDDDDDDDDDDDDDDDD,False
1761998756.7761579,5,QWEN2.5-7B,game-theorist,Random,41,0.0062889037836353,C,(fallback: extracted keyword),1,3,3,0,DDDDDDDDDDDDDDDDDDDDDDDDDDDDDDDDDDDDDDDDC,DDCDCCCCDDCDCCCCDDCDCCCDCCCCCCCCDDCCCCDDC,False
1762015475.1931126,6,QWEN2.5-7B,game-theorist,AlwaysCooperate,17,0.0071217321942788,C,(fallback: extracted keyword),1,3,3,0,DDDDDDDDDDDDDDDDC,CCCCCCCCCCCCCCCCC,False
1762016097.7044077,6,QWEN2.5-7B,game-theorist,AlwaysDefect,53,0.0066904896579724,C,(fallback: extracted keyword),1,0,5,-5,DDDDDDDDDDDDDDDDDDDDDDDDDDDDDDDDDDDDDDDDDDDDDDDDDDDDC,DDDDDDDDDDDDDDDDDDDDDDDDDDDDDDDDDDDDDDDDDDDDDDDDDDDDD,False
1762016125.1949868,6,QWEN2.5-7B,game-theorist,AlwaysDefect,59,0.0052188357747272,C,(fallback: extracted keyword),1,0,5,-5,DDDDDDDDDDDDDDDDDDDDDDDDDDDDDDDDDDDDDDDDDDDDDDDDDDDDCDDDDDC,DDDDDDDDDDDDDDDDDDDDDDDDDDDDDDDDDDDDDDDDDDDDDDDDDDDDDDDDDDD,False
1762016189.3280697,6,QWEN2.5-7B,game-theorist,AlwaysDefect,73,0.0055530732518785,C,(fallback: extracted keyword),1,0,5,-5,DDDDDDDDDDDDDDDDDDDDDDDDDDDDDDDDDDDDDDDDDDDDDDDDDDDDCDDDDDCDDDDDDDDDDDDDC,DDDDDDDDDDDDDDDDDDDDDDDDDDDDDDDDDDDDDDDDDDDDDDDDDDDDDDDDDDDDDDDDDDDDDDDDD,False
1762016280.9103887,6,QWEN2.5-7B,game-theorist,AlwaysDefect,93,0.0059086204506921,C,(fallback: extracted keyword),1,0,5,-5,DDDDDDDDDDDDDDDDDDDDDDDDDDDDDDDDDDDDDDDDDDDDDDDDDDDDCDDDDDCDDDDDDDDDDDDDCCDDDDDDDDDDDDDDDDDDC,DDDDDDDDDDDDDDDDDDDDDDDDDDDDDDDDDDDDDDDDDDDDDDDDDDDDDDDDDDDDDDDDDDDDDDDDDDDDDDDDDDDDDDDDDDDDD,False
1762016312.935196,6,QWEN2.5-7B,game-theorist,AlwaysDefect,100,0.0052174719253234,C,(fallback: extracted keyword),1,0,5,-5,DDDDDDDDDDDDDDDDDDDDDDDDDDDDDDDDDDDDDDDDDDDDDDDDDDDDCDDDDDCDDDDDDDDDDDDDCCDDDDDDDDDDDDDDDDDDCDDDDDDC,DDDDDDDDDDDDDDDDDDDDDDDDDDDDDDDDDDDDDDDDDDDDDDDDDDDDDDDDDDDDDDDDDDDDDDDDDDDDDDDDDDDDDDDDDDDDDDDDDDDD,False
1762016555.2050283,6,QWEN2.5-7B,game-theorist,Tit4Tat,53,0.0066904896579724,C,(fallback: extracted keyword),1,0,5,-5,DDDDDDDDDDDDDDDDDDDDDDDDDDDDDDDDDDDDDDDDDDDDDDDDDDDDC,CDDDDDDDDDDDDDDDDDDDDDDDDDDDDDDDDDDDDDDDDDDDDDDDDDDDD,False
1762016582.7263877,6,QWEN2.5-7B,game-theorist,Tit4Tat,59,0.0052188357747272,C,(fallback: extracted keyword),1,0,5,-5,DDDDDDDDDDDDDDDDDDDDDDDDDDDDDDDDDDDDDDDDDDDDDDDDDDDDCDDDDDC,CDDDDDDDDDDDDDDDDDDDDDDDDDDDDDDDDDDDDDDDDDDDDDDDDDDDDDDDDDD,False
1762016646.8836298,6,QWEN2.5-7B,game-theorist,Tit4Tat,73,0.0055530732518785,C,(fallback: extracted keyword),1,0,5,-5,DDDDDDDDDDDDDDDDDDDDDDDDDDDDDDDDDDDDDDDDDDDDDDDDDDDDCDDDDDCDDDDDDDDDDDDDC,CDDDDDDDDDDDDDDDDDDDDDDDDDDDDDDDDDDDDDDDDDDDDDDDDDDDDDDDDDDDDDDDDDDDDDDDD,False
1762016738.484103,6,QWEN2.5-7B,game-theorist,Tit4Tat,93,0.0059086204506921,C,(fallback: extracted keyword),1,0,5,-5,DDDDDDDDDDDDDDDDDDDDDDDDDDDDDDDDDDDDDDDDDDDDDDDDDDDDCDDDDDCDDDDDDDDDDDDDCCDDDDDDDDDDDDDDDDDDC,CDDDDDDDDDDDDDDDDDDDDDDDDDDDDDDDDDDDDDDDDDDDDDDDDDDDDDDDDDDDDDDDDDDDDDDDDDDDDDDDDDDDDDDDDDDDD,False
1762016770.5907733,6,QWEN2.5-7B,game-theorist,Tit4Tat,100,0.0052174719253234,C,(fallback: extracted keyword),1,0,5,-5,DDDDDDDDDDDDDDDDDDDDDDDDDDDDDDDDDDDDDDDDDDDDDDDDDDDDCDDDDDCDDDDDDDDDDDDDCCDDDDDDDDDDDDDDDDDDCDDDDDDC,CDDDDDDDDDDDDDDDDDDDDDDDDDDDDDDDDDDDDDDDDDDDDDDDDDDDDDDDDDDDDDDDDDDDDDDDDDDDDDDDDDDDDDDDDDDDDDDDDDDD,False
1762017228.4492857,6,QWEN2.5-7B,game-theorist,Random,100,0.0052174719253234,C,(fallback: extracted keyword),1,0,5,-5,DDDDDDDDDDDDDDDDDDDDDDDDDDDDDDDDDDDDDDDDDDDDDDDDDDDDDDDDDDDDDDDDDDDDDDDDDDDDDDDDDDDDDDDDDDDDDDDDDDDC,CDDCCCDDDCDDCDCCDCDDCDDDDCCDCCCDDCCDCDDDCCCCDDCDDCCCCCCCDDDDDDCDCCDDCDCCDDDCDDDDCCDDDCCCCDDCDDDDDDDD,False
1762015477.2766938,6,QWEN2.5-7B,game-theorist,AlwaysCooperate,17,0.0071217321942788,C,(fallback: extracted keyword),1,3,3,0,DDDDDDDDDDDDDDDDC,CCCCCCCCCCCCCCCCC,False
1762016099.810281,6,QWEN2.5-7B,game-theorist,AlwaysDefect,53,0.0066904896579724,C,(fallback: extracted keyword),1,0,5,-5,DDDDDDDDDDDDDDDDDDDDDDDDDDDDDDDDDDDDDDDDDDDDDDDDDDDDC,DDDDDDDDDDDDDDDDDDDDDDDDDDDDDDDDDDDDDDDDDDDDDDDDDDDDD,False
1762016127.286508,6,QWEN2.5-7B,game-theorist,AlwaysDefect,59,0.0052188357747272,C,(fallback: extracted keyword),1,0,5,-5,DDDDDDDDDDDDDDDDDDDDDDDDDDDDDDDDDDDDDDDDDDDDDDDDDDDDCDDDDDC,DDDDDDDDDDDDDDDDDDDDDDDDDDDDDDDDDDDDDDDDDDDDDDDDDDDDDDDDDDD,False
1762016191.427629,6,QWEN2.5-7B,game-theorist,AlwaysDefect,73,0.0055530732518785,C,(fallback: extracted keyword),1,0,5,-5,DDDDDDDDDDDDDDDDDDDDDDDDDDDDDDDDDDDDDDDDDDDDDDDDDDDDCDDDDDCDDDDDDDDDDDDDC,DDDDDDDDDDDDDDDDDDDDDDDDDDDDDDDDDDDDDDDDDDDDDDDDDDDDDDDDDDDDDDDDDDDDDDDDD,False
1762016282.998451,6,QWEN2.5-7B,game-theorist,AlwaysDefect,93,0.0059086204506921,C,(fallback: extracted keyword),1,0,5,-5,DDDDDDDDDDDDDDDDDDDDDDDDDDDDDDDDDDDDDDDDDDDDDDDDDDDDCDDDDDCDDDDDDDDDDDDDCCDDDDDDDDDDDDDDDDDDC,DDDDDDDDDDDDDDDDDDDDDDDDDDDDDDDDDDDDDDDDDDDDDDDDDDDDDDDDDDDDDDDDDDDDDDDDDDDDDDDDDDDDDDDDDDDDD,False
1762016315.01062,6,QWEN2.5-7B,game-theorist,AlwaysDefect,100,0.0052174719253234,C,(fallback: extracted keyword),1,0,5,-5,DDDDDDDDDDDDDDDDDDDDDDDDDDDDDDDDDDDDDDDDDDDDDDDDDDDDCDDDDDCDDDDDDDDDDDDDCCDDDDDDDDDDDDDDDDDDCDDDDDDC,DDDDDDDDDDDDDDDDDDDDDDDDDDDDDDDDDDDDDDDDDDDDDDDDDDDDDDDDDDDDDDDDDDDDDDDDDDDDDDDDDDDDDDDDDDDDDDDDDDDD,False
1762016557.308023,6,QWEN2.5-7B,game-theorist,Tit4Tat,53,0.0066904896579724,C,(fallback: extracted keyword),1,0,5,-5,DDDDDDDDDDDDDDDDDDDDDDDDDDDDDDDDDDDDDDDDDDDDDDDDDDDDC,CDDDDDDDDDDDDDDDDDDDDDDDDDDDDDDDDDDDDDDDDDDDDDDDDDDDD,False
1762016584.823,6,QWEN2.5-7B,game-theorist,Tit4Tat,59,0.0052188357747272,C,(fallback: extracted keyword),1,0,5,-5,DDDDDDDDDDDDDDDDDDDDDDDDDDDDDDDDDDDDDDDDDDDDDDDDDDDDCDDDDDC,CDDDDDDDDDDDDDDDDDDDDDDDDDDDDDDDDDDDDDDDDDDDDDDDDDDDDDDDDDD,False
1762016648.9664693,6,QWEN2.5-7B,game-theorist,Tit4Tat,73,0.0055530732518785,C,(fallback: extracted keyword),1,0,5,-5,DDDDDDDDDDDDDDDDDDDDDDDDDDDDDDDDDDDDDDDDDDDDDDDDDDDDCDDDDDCDDDDDDDDDDDDDC,CDDDDDDDDDDDDDDDDDDDDDDDDDDDDDDDDDDDDDDDDDDDDDDDDDDDDDDDDDDDDDDDDDDDDDDDD,False
1762016740.5770907,6,QWEN2.5-7B,game-theorist,Tit4Tat,93,0.0059086204506921,C,(fallback: extracted keyword),1,0,5,-5,DDDDDDDDDDDDDDDDDDDDDDDDDDDDDDDDDDDDDDDDDDDDDDDDDDDDCDDDDDCDDDDDDDDDDDDDCCDDDDDDDDDDDDDDDDDDC,CDDDDDDDDDDDDDDDDDDDDDDDDDDDDDDDDDDDDDDDDDDDDDDDDDDDDDDDDDDDDDDDDDDDDDDDDDDDDDDDDDDDDDDDDDDDD,False
1762016772.685965,6,QWEN2.5-7B,game-theorist,Tit4Tat,100,0.0052174719253234,C,(fallback: extracted keyword),1,0,5,-5,DDDDDDDDDDDDDDDDDDDDDDDDDDDDDDDDDDDDDDDDDDDDDDDDDDDDCDDDDDCDDDDDDDDDDDDDCCDDDDDDDDDDDDDDDDDDCDDDDDDC,CDDDDDDDDDDDDDDDDDDDDDDDDDDDDDDDDDDDDDDDDDDDDDDDDDDDDDDDDDDDDDDDDDDDDDDDDDDDDDDDDDDDDDDDDDDDDDDDDDDD,False
1762017230.499895,6,QWEN2.5-7B,game-theorist,Random,100,0.0052174719253234,C,(fallback: extracted keyword),1,0,5,-5,DDDDDDDDDDDDDDDDDDDDDDDDDDDDDDDDDDDDDDDDDDDDDDDDDDDDDDDDDDDDDDDDDDDDDDDDDDDDDDDDDDDDDDDDDDDDDDDDDDDC,CDDCCCDDDCDDCDCCDCDDCDDDDCCDCCCDDCCDCDDDCCCCDDCDDCCCCCCCDDDDDDCDCCDDCDCCDDDCDDDDCCDDDCCCCDDCDDDDDDDD,False
1762033682.1222413,7,QWEN2.5-7B,game-theorist,AlwaysCooperate,17,0.0071217321942788,C,(fallback: extracted keyword),1,3,3,0,DDDDDDDDDDDDDDDDC,CCCCCCCCCCCCCCCCC,False
1762034303.2233286,7,QWEN2.5-7B,game-theorist,AlwaysDefect,53,0.0066904896579724,C,(fallback: extracted keyword),1,0,5,-5,DDDDDDDDDDDDDDDDDDDDDDDDDDDDDDDDDDDDDDDDDDDDDDDDDDDDC,DDDDDDDDDDDDDDDDDDDDDDDDDDDDDDDDDDDDDDDDDDDDDDDDDDDDD,False
1762034330.6969874,7,QWEN2.5-7B,game-theorist,AlwaysDefect,59,0.0052188357747272,C,(fallback: extracted keyword),1,0,5,-5,DDDDDDDDDDDDDDDDDDDDDDDDDDDDDDDDDDDDDDDDDDDDDDDDDDDDCDDDDDC,DDDDDDDDDDDDDDDDDDDDDDDDDDDDDDDDDDDDDDDDDDDDDDDDDDDDDDDDDDD,False
1762034394.659601,7,QWEN2.5-7B,game-theorist,AlwaysDefect,73,0.0055530732518785,C,(fallback: extracted keyword),1,0,5,-5,DDDDDDDDDDDDDDDDDDDDDDDDDDDDDDDDDDDDDDDDDDDDDDDDDDDDCDDDDDCDDDDDDDDDDDDDC,DDDDDDDDDDDDDDDDDDDDDDDDDDDDDDDDDDDDDDDDDDDDDDDDDDDDDDDDDDDDDDDDDDDDDDDDD,False
1762034486.0871613,7,QWEN2.5-7B,game-theorist,AlwaysDefect,93,0.0059086204506921,C,(fallback: extracted keyword),1,0,5,-5,DDDDDDDDDDDDDDDDDDDDDDDDDDDDDDDDDDDDDDDDDDDDDDDDDDDDCDDDDDCDDDDDDDDDDDDDCCDDDDDDDDDDDDDDDDDDC,DDDDDDDDDDDDDDDDDDDDDDDDDDDDDDDDDDDDDDDDDDDDDDDDDDDDDDDDDDDDDDDDDDDDDDDDDDDDDDDDDDDDDDDDDDDDD,False
1762034518.096902,7,QWEN2.5-7B,game-theorist,AlwaysDefect,100,0.0052174719253234,C,(fallback: extracted keyword),1,0,5,-5,DDDDDDDDDDDDDDDDDDDDDDDDDDDDDDDDDDDDDDDDDDDDDDDDDDDDCDDDDDCDDDDDDDDDDDDDCCDDDDDDDDDDDDDDDDDDCDDDDDDC,DDDDDDDDDDDDDDDDDDDDDDDDDDDDDDDDDDDDDDDDDDDDDDDDDDDDDDDDDDDDDDDDDDDDDDDDDDDDDDDDDDDDDDDDDDDDDDDDDDDD,False
1762034759.735542,7,QWEN2.5-7B,game-theorist,Tit4Tat,53,0.0066904896579724,C,(fallback: extracted keyword),1,0,5,-5,DDDDDDDDDDDDDDDDDDDDDDDDDDDDDDDDDDDDDDDDDDDDDDDDDDDDC,CDDDDDDDDDDDDDDDDDDDDDDDDDDDDDDDDDDDDDDDDDDDDDDDDDDDD,False
1762034787.1123984,7,QWEN2.5-7B,game-theorist,Tit4Tat,59,0.0052188357747272,C,(fallback: extracted keyword),1,0,5,-5,DDDDDDDDDDDDDDDDDDDDDDDDDDDDDDDDDDDDDDDDDDDDDDDDDDDDCDDDDDC,CDDDDDDDDDDDDDDDDDDDDDDDDDDDDDDDDDDDDDDDDDDDDDDDDDDDDDDDDDD,False
1762034851.1078753,7,QWEN2.5-7B,game-theorist,Tit4Tat,73,0.0055530732518785,C,(fallback: extracted keyword),1,0,5,-5,DDDDDDDDDDDDDDDDDDDDDDDDDDDDDDDDDDDDDDDDDDDDDDDDDDDDCDDDDDCDDDDDDDDDDDDDC,CDDDDDDDDDDDDDDDDDDDDDDDDDDDDDDDDDDDDDDDDDDDDDDDDDDDDDDDDDDDDDDDDDDDDDDDD,False
1762034942.5508704,7,QWEN2.5-7B,game-theorist,Tit4Tat,93,0.0059086204506921,C,(fallback: extracted keyword),1,0,5,-5,DDDDDDDDDDDDDDDDDDDDDDDDDDDDDDDDDDDDDDDDDDDDDDDDDDDDCDDDDDCDDDDDDDDDDDDDCCDDDDDDDDDDDDDDDDDDC,CDDDDDDDDDDDDDDDDDDDDDDDDDDDDDDDDDDDDDDDDDDDDDDDDDDDDDDDDDDDDDDDDDDDDDDDDDDDDDDDDDDDDDDDDDDDD,False
1762034974.5305908,7,QWEN2.5-7B,game-theorist,Tit4Tat,100,0.0052174719253234,C,(fallback: extracted keyword),1,0,5,-5,DDDDDDDDDDDDDDDDDDDDDDDDDDDDDDDDDDDDDDDDDDDDDDDDDDDDCDDDDDCDDDDDDDDDDDDDCCDDDDDDDDDDDDDDDDDDCDDDDDDC,CDDDDDDDDDDDDDDDDDDDDDDDDDDDDDDDDDDDDDDDDDDDDDDDDDDDDDDDDDDDDDDDDDDDDDDDDDDDDDDDDDDDDDDDDDDDDDDDDDDD,False
1762035042.6508052,7,QWEN2.5-7B,game-theorist,Random,15,0.0062898872349399,C,(fallback: extracted keyword),1,3,3,0,DDDDDDDDDDDDDDC,DCDCCCDCCCCDDCC,False
1762035129.443287,7,QWEN2.5-7B,game-theorist,Random,34,0.0062890974816561,C,(fallback: extracted keyword),1,3,3,0,DDDDDDDDDDDDDDCDDDDDDDDDDDDDDDDDDC,DCDCCCDCCCCDDCCCDCCCCDCCCCDDCCDCCC,False
1762033684.1592412,7,QWEN2.5-7B,game-theorist,AlwaysCooperate,17,0.0071217321942788,C,(fallback: extracted keyword),1,3,3,0,DDDDDDDDDDDDDDDDC,CCCCCCCCCCCCCCCCC,False
1762034305.2510715,7,QWEN2.5-7B,game-theorist,AlwaysDefect,53,0.0066904896579724,C,(fallback: extracted keyword),1,0,5,-5,DDDDDDDDDDDDDDDDDDDDDDDDDDDDDDDDDDDDDDDDDDDDDDDDDDDDC,DDDDDDDDDDDDDDDDDDDDDDDDDDDDDDDDDDDDDDDDDDDDDDDDDDDDD,False
1762034332.7182188,7,QWEN2.5-7B,game-theorist,AlwaysDefect,59,0.0052188357747272,C,(fallback: extracted keyword),1,0,5,-5,DDDDDDDDDDDDDDDDDDDDDDDDDDDDDDDDDDDDDDDDDDDDDDDDDDDDCDDDDDC,DDDDDDDDDDDDDDDDDDDDDDDDDDDDDDDDDDDDDDDDDDDDDDDDDDDDDDDDDDD,False
1762034396.687993,7,QWEN2.5-7B,game-theorist,AlwaysDefect,73,0.0055530732518785,C,(fallback: extracted keyword),1,0,5,-5,DDDDDDDDDDDDDDDDDDDDDDDDDDDDDDDDDDDDDDDDDDDDDDDDDDDDCDDDDDCDDDDDDDDDDDDDC,DDDDDDDDDDDDDDDDDDDDDDDDDDDDDDDDDDDDDDDDDDDDDDDDDDDDDDDDDDDDDDDDDDDDDDDDD,False
1762034488.108007,7,QWEN2.5-7B,game-theorist,AlwaysDefect,93,0.0059086204506921,C,(fallback: extracted keyword),1,0,5,-5,DDDDDDDDDDDDDDDDDDDDDDDDDDDDDDDDDDDDDDDDDDDDDDDDDDDDCDDDDDCDDDDDDDDDDDDDCCDDDDDDDDDDDDDDDDDDC,DDDDDDDDDDDDDDDDDDDDDDDDDDDDDDDDDDDDDDDDDDDDDDDDDDDDDDDDDDDDDDDDDDDDDDDDDDDDDDDDDDDDDDDDDDDDD,False
1762034520.082927,7,QWEN2.5-7B,game-theorist,AlwaysDefect,100,0.0052174719253234,C,(fallback: extracted keyword),1,0,5,-5,DDDDDDDDDDDDDDDDDDDDDDDDDDDDDDDDDDDDDDDDDDDDDDDDDDDDCDDDDDCDDDDDDDDDDDDDCCDDDDDDDDDDDDDDDDDDCDDDDDDC,DDDDDDDDDDDDDDDDDDDDDDDDDDDDDDDDDDDDDDDDDDDDDDDDDDDDDDDDDDDDDDDDDDDDDDDDDDDDDDDDDDDDDDDDDDDDDDDDDDDD,False
1762034761.7459009,7,QWEN2.5-7B,game-theorist,Tit4Tat,53,0.0066904896579724,C,(fallback: extracted keyword),1,0,5,-5,DDDDDDDDDDDDDDDDDDDDDDDDDDDDDDDDDDDDDDDDDDDDDDDDDDDDC,CDDDDDDDDDDDDDDDDDDDDDDDDDDDDDDDDDDDDDDDDDDDDDDDDDDDD,False
1762034789.1375039,7,QWEN2.5-7B,game-theorist,Tit4Tat,59,0.0052188357747272,C,(fallback: extracted keyword),1,0,5,-5,DDDDDDDDDDDDDDDDDDDDDDDDDDDDDDDDDDDDDDDDDDDDDDDDDDDDCDDDDDC,CDDDDDDDDDDDDDDDDDDDDDDDDDDDDDDDDDDDDDDDDDDDDDDDDDDDDDDDDDD,False
1762034853.142064,7,QWEN2.5-7B,game-theorist,Tit4Tat,73,0.0055530732518785,C,(fallback: extracted keyword),1,0,5,-5,DDDDDDDDDDDDDDDDDDDDDDDDDDDDDDDDDDDDDDDDDDDDDDDDDDDDCDDDDDCDDDDDDDDDDDDDC,CDDDDDDDDDDDDDDDDDDDDDDDDDDDDDDDDDDDDDDDDDDDDDDDDDDDDDDDDDDDDDDDDDDDDDDDD,False
1762034944.5396135,7,QWEN2.5-7B,game-theorist,Tit4Tat,93,0.0059086204506921,C,(fallback: extracted keyword),1,0,5,-5,DDDDDDDDDDDDDDDDDDDDDDDDDDDDDDDDDDDDDDDDDDDDDDDDDDDDCDDDDDCDDDDDDDDDDDDDCCDDDDDDDDDDDDDDDDDDC,CDDDDDDDDDDDDDDDDDDDDDDDDDDDDDDDDDDDDDDDDDDDDDDDDDDDDDDDDDDDDDDDDDDDDDDDDDDDDDDDDDDDDDDDDDDDD,False
1762034976.492237,7,QWEN2.5-7B,game-theorist,Tit4Tat,100,0.0052174719253234,C,(fallback: extracted keyword),1,0,5,-5,DDDDDDDDDDDDDDDDDDDDDDDDDDDDDDDDDDDDDDDDDDDDDDDDDDDDCDDDDDCDDDDDDDDDDDDDCCDDDDDDDDDDDDDDDDDDCDDDDDDC,CDDDDDDDDDDDDDDDDDDDDDDDDDDDDDDDDDDDDDDDDDDDDDDDDDDDDDDDDDDDDDDDDDDDDDDDDDDDDDDDDDDDDDDDDDDDDDDDDDDD,False
1762035044.6501973,7,QWEN2.5-7B,game-theorist,Random,15,0.0062898872349399,C,(fallback: extracted keyword),1,3,3,0,DDDDDDDDDDDDDDC,DCDCCCDCCCCDDCC,False
1762035131.452014,7,QWEN2.5-7B,game-theorist,Random,34,0.0062890974816561,C,(fallback: extracted keyword),1,3,3,0,DDDDDDDDDDDDDDCDDDDDDDDDDDDDDDDDDC,DCDCCCDCCCCDDCCCDCCCCDCCCCDDCCDCCC,False
1762051880.7043812,8,QWEN2.5-7B,game-theorist,AlwaysCooperate,17,0.0071217321942788,C,(fallback: extracted keyword),1,3,3,0,DDDDDDDDDDDDDDDDC,CCCCCCCCCCCCCCCCC,False
1762052503.264224,8,QWEN2.5-7B,game-theorist,AlwaysDefect,53,0.0066904896579724,C,(fallback: extracted keyword),1,0,5,-5,DDDDDDDDDDDDDDDDDDDDDDDDDDDDDDDDDDDDDDDDDDDDDDDDDDDDC,DDDDDDDDDDDDDDDDDDDDDDDDDDDDDDDDDDDDDDDDDDDDDDDDDDDDD,False
1762052530.7857163,8,QWEN2.5-7B,game-theorist,AlwaysDefect,59,0.0052188357747272,C,(fallback: extracted keyword),1,0,5,-5,DDDDDDDDDDDDDDDDDDDDDDDDDDDDDDDDDDDDDDDDDDDDDDDDDDDDCDDDDDC,DDDDDDDDDDDDDDDDDDDDDDDDDDDDDDDDDDDDDDDDDDDDDDDDDDDDDDDDDDD,False
1762052594.898675,8,QWEN2.5-7B,game-theorist,AlwaysDefect,73,0.0055530732518785,C,(fallback: extracted keyword),1,0,5,-5,DDDDDDDDDDDDDDDDDDDDDDDDDDDDDDDDDDDDDDDDDDDDDDDDDDDDCDDDDDCDDDDDDDDDDDDDC,DDDDDDDDDDDDDDDDDDDDDDDDDDDDDDDDDDDDDDDDDDDDDDDDDDDDDDDDDDDDDDDDDDDDDDDDD,False
1762052686.5652487,8,QWEN2.5-7B,game-theorist,AlwaysDefect,93,0.0059086204506921,C,(fallback: extracted keyword),1,0,5,-5,DDDDDDDDDDDDDDDDDDDDDDDDDDDDDDDDDDDDDDDDDDDDDDDDDDDDCDDDDDCDDDDDDDDDDDDDCCDDDDDDDDDDDDDDDDDDC,DDDDDDDDDDDDDDDDDDDDDDDDDDDDDDDDDDDDDDDDDDDDDDDDDDDDDDDDDDDDDDDDDDDDDDDDDDDDDDDDDDDDDDDDDDDDD,False
1762052718.5862284,8,QWEN2.5-7B,game-theorist,AlwaysDefect,100,0.0052174719253234,C,(fallback: extracted keyword),1,0,5,-5,DDDDDDDDDDDDDDDDDDDDDDDDDDDDDDDDDDDDDDDDDDDDDDDDDDDDCDDDDDCDDDDDDDDDDDDDCCDDDDDDDDDDDDDDDDDDCDDDDDDC,DDDDDDDDDDDDDDDDDDDDDDDDDDDDDDDDDDDDDDDDDDDDDDDDDDDDDDDDDDDDDDDDDDDDDDDDDDDDDDDDDDDDDDDDDDDDDDDDDDDD,False
1762052960.8625362,8,QWEN2.5-7B,game-theorist,Tit4Tat,53,0.0066904896579724,C,(fallback: extracted keyword),1,0,5,-5,DDDDDDDDDDDDDDDDDDDDDDDDDDDDDDDDDDDDDDDDDDDDDDDDDDDDC,CDDDDDDDDDDDDDDDDDDDDDDDDDDDDDDDDDDDDDDDDDDDDDDDDDDDD,False
1762052988.3654873,8,QWEN2.5-7B,game-theorist,Tit4Tat,59,0.0052188357747272,C,(fallback: extracted keyword),1,0,5,-5,DDDDDDDDDDDDDDDDDDDDDDDDDDDDDDDDDDDDDDDDDDDDDDDDDDDDCDDDDDC,CDDDDDDDDDDDDDDDDDDDDDDDDDDDDDDDDDDDDDDDDDDDDDDDDDDDDDDDDDD,False
1762053052.4995234,8,QWEN2.5-7B,game-theorist,Tit4Tat,73,0.0055530732518785,C,(fallback: extracted keyword),1,0,5,-5,DDDDDDDDDDDDDDDDDDDDDDDDDDDDDDDDDDDDDDDDDDDDDDDDDDDDCDDDDDCDDDDDDDDDDDDDC,CDDDDDDDDDDDDDDDDDDDDDDDDDDDDDDDDDDDDDDDDDDDDDDDDDDDDDDDDDDDDDDDDDDDDDDDD,False
1762053144.0031462,8,QWEN2.5-7B,game-theorist,Tit4Tat,93,0.0059086204506921,C,(fallback: extracted keyword),1,0,5,-5,DDDDDDDDDDDDDDDDDDDDDDDDDDDDDDDDDDDDDDDDDDDDDDDDDDDDCDDDDDCDDDDDDDDDDDDDCCDDDDDDDDDDDDDDDDDDC,CDDDDDDDDDDDDDDDDDDDDDDDDDDDDDDDDDDDDDDDDDDDDDDDDDDDDDDDDDDDDDDDDDDDDDDDDDDDDDDDDDDDDDDDDDDDD,False
1762053176.0445273,8,QWEN2.5-7B,game-theorist,Tit4Tat,100,0.0052174719253234,C,(fallback: extracted keyword),1,0,5,-5,DDDDDDDDDDDDDDDDDDDDDDDDDDDDDDDDDDDDDDDDDDDDDDDDDDDDCDDDDDCDDDDDDDDDDDDDCCDDDDDDDDDDDDDDDDDDCDDDDDDC,CDDDDDDDDDDDDDDDDDDDDDDDDDDDDDDDDDDDDDDDDDDDDDDDDDDDDDDDDDDDDDDDDDDDDDDDDDDDDDDDDDDDDDDDDDDDDDDDDDDD,False
1762051882.7570305,8,QWEN2.5-7B,game-theorist,AlwaysCooperate,17,0.0071217321942788,C,(fallback: extracted keyword),1,3,3,0,DDDDDDDDDDDDDDDDC,CCCCCCCCCCCCCCCCC,False
1762052505.3355725,8,QWEN2.5-7B,game-theorist,AlwaysDefect,53,0.0066904896579724,C,(fallback: extracted keyword),1,0,5,-5,DDDDDDDDDDDDDDDDDDDDDDDDDDDDDDDDDDDDDDDDDDDDDDDDDDDDC,DDDDDDDDDDDDDDDDDDDDDDDDDDDDDDDDDDDDDDDDDDDDDDDDDDDDD,False
1762052532.8392515,8,QWEN2.5-7B,game-theorist,AlwaysDefect,59,0.0052188357747272,C,(fallback: extracted keyword),1,0,5,-5,DDDDDDDDDDDDDDDDDDDDDDDDDDDDDDDDDDDDDDDDDDDDDDDDDDDDCDDDDDC,DDDDDDDDDDDDDDDDDDDDDDDDDDDDDDDDDDDDDDDDDDDDDDDDDDDDDDDDDDD,False
1762052596.955219,8,QWEN2.5-7B,game-theorist,AlwaysDefect,73,0.0055530732518785,C,(fallback: extracted keyword),1,0,5,-5,DDDDDDDDDDDDDDDDDDDDDDDDDDDDDDDDDDDDDDDDDDDDDDDDDDDDCDDDDDCDDDDDDDDDDDDDC,DDDDDDDDDDDDDDDDDDDDDDDDDDDDDDDDDDDDDDDDDDDDDDDDDDDDDDDDDDDDDDDDDDDDDDDDD,False
1762052688.6168606,8,QWEN2.5-7B,game-theorist,AlwaysDefect,93,0.0059086204506921,C,(fallback: extracted keyword),1,0,5,-5,DDDDDDDDDDDDDDDDDDDDDDDDDDDDDDDDDDDDDDDDDDDDDDDDDDDDCDDDDDCDDDDDDDDDDDDDCCDDDDDDDDDDDDDDDDDDC,DDDDDDDDDDDDDDDDDDDDDDDDDDDDDDDDDDDDDDDDDDDDDDDDDDDDDDDDDDDDDDDDDDDDDDDDDDDDDDDDDDDDDDDDDDDDD,False
1762052720.6312423,8,QWEN2.5-7B,game-theorist,AlwaysDefect,100,0.0052174719253234,C,(fallback: extracted keyword),1,0,5,-5,DDDDDDDDDDDDDDDDDDDDDDDDDDDDDDDDDDDDDDDDDDDDDDDDDDDDCDDDDDCDDDDDDDDDDDDDCCDDDDDDDDDDDDDDDDDDCDDDDDDC,DDDDDDDDDDDDDDDDDDDDDDDDDDDDDDDDDDDDDDDDDDDDDDDDDDDDDDDDDDDDDDDDDDDDDDDDDDDDDDDDDDDDDDDDDDDDDDDDDDDD,False
1762052962.9197092,8,QWEN2.5-7B,game-theorist,Tit4Tat,53,0.0066904896579724,C,(fallback: extracted keyword),1,0,5,-5,DDDDDDDDDDDDDDDDDDDDDDDDDDDDDDDDDDDDDDDDDDDDDDDDDDDDC,CDDDDDDDDDDDDDDDDDDDDDDDDDDDDDDDDDDDDDDDDDDDDDDDDDDDD,False
1762052990.4336662,8,QWEN2.5-7B,game-theorist,Tit4Tat,59,0.0052188357747272,C,(fallback: extracted keyword),1,0,5,-5,DDDDDDDDDDDDDDDDDDDDDDDDDDDDDDDDDDDDDDDDDDDDDDDDDDDDCDDDDDC,CDDDDDDDDDDDDDDDDDDDDDDDDDDDDDDDDDDDDDDDDDDDDDDDDDDDDDDDDDD,False
1762053054.538531,8,QWEN2.5-7B,game-theorist,Tit4Tat,73,0.0055530732518785,C,(fallback: extracted keyword),1,0,5,-5,DDDDDDDDDDDDDDDDDDDDDDDDDDDDDDDDDDDDDDDDDDDDDDDDDDDDCDDDDDCDDDDDDDDDDDDDC,CDDDDDDDDDDDDDDDDDDDDDDDDDDDDDDDDDDDDDDDDDDDDDDDDDDDDDDDDDDDDDDDDDDDDDDDD,False
1762053146.0621836,8,QWEN2.5-7B,game-theorist,Tit4Tat,93,0.0059086204506921,C,(fallback: extracted keyword),1,0,5,-5,DDDDDDDDDDDDDDDDDDDDDDDDDDDDDDDDDDDDDDDDDDDDDDDDDDDDCDDDDDCDDDDDDDDDDDDDCCDDDDDDDDDDDDDDDDDDC,CDDDDDDDDDDDDDDDDDDDDDDDDDDDDDDDDDDDDDDDDDDDDDDDDDDDDDDDDDDDDDDDDDDDDDDDDDDDDDDDDDDDDDDDDDDDD,False
1762053178.0865781,8,QWEN2.5-7B,game-theorist,Tit4Tat,100,0.0052174719253234,C,(fallback: extracted keyword),1,0,5,-5,DDDDDDDDDDDDDDDDDDDDDDDDDDDDDDDDDDDDDDDDDDDDDDDDDDDDCDDDDDCDDDDDDDDDDDDDCCDDDDDDDDDDDDDDDDDDCDDDDDDC,CDDDDDDDDDDDDDDDDDDDDDDDDDDDDDDDDDDDDDDDDDDDDDDDDDDDDDDDDDDDDDDDDDDDDDDDDDDDDDDDDDDDDDDDDDDDDDDDDDDD,False
